sport,kpi,n,kappa,rho,eta,quadrant,mean_home,mean_away,var_home,delta,sigma_a,delta_ratio,I_pred,bayes_acc,bayes_gap_pp,acc_abs,acc_rel,acc_improvement
rugby,final_points,283,0.556934283461425,-0.0884903955416105,0.921802028717704,Q3,27.6360424028269,20.8586572438163,170.19685236699,6.7773851590106,13.0459515700078,0.519501020883103,0.0181789357249384,0.579207520963082,42.0792479036918,0.76678445229682,1,30.4147465437788
rugby,carries,283,0.828765406817146,-0.119311757271544,0.893824721307278,Q3,121.936395759717,113.752650176678,896.910833771897,8.183745583039,29.9484696398981,0.273260893843351,0.00418132474221777,0.538049128609209,11.9194687645208,0.660777385159011,0.657243816254417,-0.534759358288774
rugby,metres_made,283,0.579399147410407,-0.00806149624447688,0.992289525849996,Q3,394.342756183746,342.505300353357,16562.9565696815,51.837455830389,128.69715058882,0.402786352248051,0.0116345154946278,0.563414232777328,9.38295834770888,0.678445229681979,0.657243816254417,-3.12500000000001
rugby,defenders_beaten,283,0.844205259272333,-0.0433957347984566,0.958551642210784,Q3,21.1342756183746,18.6325088339223,56.6556649875949,2.5017667844523,7.52699574781299,0.332372551848352,0.00657060526129949,0.547683740024802,9.18922317066467,0.657243816254417,0.639575971731449,-2.68817204301075
rugby,clean_breaks,283,0.780793410519713,0.0425601536230389,1.04409906898945,Q2,6.08127208480565,4.76325088339223,9.18840688670025,1.31802120141342,3.03123850706279,0.434812766577895,0.0126463554660043,0.566106514593342,14.414083522998,0.678445229681979,0.710247349823322,4.6875
rugby,offloads,283,0.694872192849492,0.128551987818191,1.1447562513383,Q2,9.65371024734982,8.26501766784452,22.7661829937599,1.3886925795053,4.77139214420277,0.291045576958616,0.00654714501905085,0.547598666239079,10.2578012206151,0.657243816254417,0.65017667844523,-1.07526881720431
rugby,passes,283,0.842536695061463,-0.14289920552267,0.875368206324748,Q3,147.212014134276,136.883392226148,1919.6215572764,10.328621908128,43.8134860205896,0.235740701008684,0.00302661525086234,0.532376089708751,12.4867726545666,0.657243816254417,0.657243816254417,0
rugby,turnovers_conceded,283,0.927600270153429,0.0936757567858942,1.10327742273993,Q2,13.4098939929329,13.3427561837456,14.434228002907,0.0671378091873009,3.79924045078842,0.0176713767019849,2.05195951311632e-05,0.50266674258967,14.750993585556,0.657243816254417,0.65017667844523,-1.07526881720431
rugby,turnovers_won,283,0.985435794446753,0.1590870396334,1.18917766417384,Q2,6.57243816254417,6.30742049469965,6.08959226123349,0.26501766784452,2.46770992242473,0.107394173616694,0.000792768881025419,0.516574149378445,14.0669666875972,0.657243816254417,0.657243816254417,0
rugby,kicks_from_hand,283,1.12685656480793,0.607283070019013,2.5393722778852,Q1,24.7067137809187,23.9116607773852,38.3002029922562,0.7950530035335,6.18871577892023,0.128468172062705,0.00225973688427072,0.527977779418412,15.0467450263567,0.657243816254417,0.678445229681979,3.22580645161291
rugby,kick_metres,283,1.05930311126294,0.648626981661871,2.84380113165015,Q1,881.222614840989,842.077738515901,42618.7268626419,39.1448763250879,206.443035393888,0.189615872729252,0.00568419020864064,0.544355401081954,14.4690535313806,0.657243816254417,0.68904593639576,4.83870967741935
rugby,scrums_won,283,0.970278907175971,-0.130650058051742,0.884458582711105,Q3,6.23674911660777,6.23674911660777,5.01112698293361,0,2.23855466382521,0,0,0.5,15.7243816254417,0.621908127208481,0.657243816254417,5.68181818181819
rugby,rucks_won,283,0.820468178527418,0.818178267756076,5.38183896817112,Q2,43.4275618374558,40.2402826855124,1824.35909580733,3.1872791519434,42.7125168517067,0.0746216656585537,0.00188814823955974,0.525575315971348,13.1668500283069,0.657243816254417,0.657243816254417,0
rugby,lineout_throws_lost,283,1.24678102760294,0.0262557398164393,1.02679617734608,Q1,1.71731448763251,2.03886925795053,1.8276069468461,-0.32155477031802,1.3518901386008,-0.237855696359193,0.00296399557357785,0.467960354095635,18.9283462158782,0.657243816254417,0.657243816254417,0
rugby,lineout_throws_won,283,0.918267037086238,-0.223808154256659,0.817257263595814,Q3,12.5017667844523,11.5088339222615,13.0168408390347,0.9929328621908,3.60788592378344,0.275211822980687,0.00369787899385576,0.535783960755728,11.4392717689502,0.657243816254417,0.65017667844523,-1.07526881720431
rugby,tackles,283,1.01687421761348,-0.158395622736632,0.8632670619467,Q4,127.657243816254,133.724381625442,1424.12678244744,-6.067137809188,37.7376043549063,-0.16077167358397,0.00126933769943482,0.479028831946668,17.8214984307749,0.657243816254417,0.657243816254417,0
rugby,missed_tackles,283,1.18345357478382,-0.0432363469782904,0.958696050776876,Q4,18.6325088339223,21.13074204947,47.829010350099,-2.4982332155477,6.91585210585789,-0.361232886028843,0.00655636960997019,0.452367864425173,19.7808814020057,0.65017667844523,0.65017667844523,0
rugby,penalties_conceded,283,0.995586667992131,-0.071918868827419,0.932906578246298,Q3,10.982332155477,12.1272084805654,10.8401122722602,-1.1448763250884,3.29243257672199,-0.347729618879018,0.00646877057572692,0.452686658586344,27.1694966855352,0.678445229681979,0.724381625441696,6.77083333333333
rugby,scrum_pens_conceded,283,0.989291932185054,-0.126076166862636,0.888040837269668,Q3,2.45583038869258,2.6113074204947,2.96524070871864,-0.15547703180212,1.72198742989565,-0.0902892954401771,0.000417716700381376,0.487968557697514,22.9345929934995,0.667844522968198,0.717314487632509,7.40740740740741
rugby,lineout_pens_conceded,283,1.33175059352743,0.00254450668307087,1.00252498119695,Q1,0.424028268551237,0.480565371024735,0.401122722602311,-0.056537102473498,0.633342500233729,-0.0892678171015423,0.00039326300030762,0.488326003882526,16.5384243467297,0.657243816254417,0.653710247349823,-0.537634408602154
rugby,general_play_pens_conceded,283,1.34452500897858,0.0693627485928981,1.07366380996408,Q1,2.59717314487632,3.19787985865724,2.58183595218405,-0.60070671378092,1.60680924573642,-0.373850670435748,0.00732143649729378,0.44966987683388,20.7573939420537,0.614840989399293,0.657243816254417,6.89655172413792
rugby,free_kicks_conceded,283,0.935898425439951,0.0891783393694309,1.0978508272783,Q2,0.734982332155477,0.717314487632509,0.649374733729294,0.017667844522968,0.805837907850762,0.0219248118645716,3.1296117752877e-05,0.503293376604871,15.3950439649546,0.653710247349823,0.657243816254417,0.540540540540544
rugby,ruck_maul_tackle_pen_con,283,1.09433606126384,0.0136614367449129,1.01383640410132,Q1,1.75618374558304,1.86219081272085,1.85878254767812,-0.10600706713781,1.36337175696071,-0.0777536035909428,0.00033593483241745,0.489210324194263,16.8033492060154,0.657243816254417,0.657243816254417,0
rugby,red_cards,283,1.05852059925094,0.0668908060595594,1.07165488666829,Q1,0.0565371024734982,0.0600706713780919,0.0535298097887377,-0.0035335689045937,0.231365100628288,-0.0152726962493395,1.39409650762312e-05,0.497801920211703,16.2975464947308,0.678445229681979,0.660777385159011,-2.60416666666667
football,goals,1114,0.717814766605372,-0.0552891546399032,0.948282497666246,Q3,1.45691202872531,1.10682226211849,1.52240051875904,0.35008976660682,1.23385595543363,0.283736334914218,0.00508932280479568,0.541973203914289,45.8026796085711,0.808797127468582,1,23.6403995560488
football,np_goals,1114,0.704483237941323,-0.060903990735623,0.943412566065132,Q3,1.37881508078995,1.05924596050269,1.44127586334829,0.31956912028726,1.20053149202688,0.26618970215244,0.00449250815089819,0.539438152501931,42.4655204769164,0.791741472172352,0.964093357271095,21.7687074829932
football,xg,1114,0.78807267155158,-0.151711348995017,0.869080054250627,Q3,1.32126651606822,1.05302887630162,0.531027054797252,0.2682376397666,0.728716031659282,0.368096251643901,0.00753248541343343,0.551049133096937,13.1177078752255,0.659784560143627,0.682226211849192,3.40136054421769
football,np_xg,1114,0.809999234250095,-0.158344295943385,0.863953682138998,Q3,1.24249453231598,0.999576432854578,0.444862406398903,0.242918099461402,0.666980064468874,0.364205937181708,0.00724285230002253,0.550059742624916,11.7803812132714,0.637342908438061,0.66786355475763,4.78873239436619
football,penalty_xg,1114,0.719648804117472,-0.0402093051173868,0.96184240234816,Q3,0.0787719928186714,0.0534524236983842,0.0588719906434644,0.0253195691202872,0.24263550985679,0.104352281886652,0.000699008530056222,0.515563379049685,7.59985599090218,0.591561938958707,0.591561938958707,0
football,np_shots,1114,0.816573615335117,-0.285036971620823,0.779070931770036,Q3,13.6481149012567,10.7666068222621,25.092597521377,2.8815080789946,5.00925119367925,0.575237289483612,0.0161616655111841,0.574701133287691,-0.827384423921729,0.562836624775583,0.566427289048474,0.637958532695369
football,own_goals,1114,0.996319549686085,-0.0268590269567468,0.973843554178695,Q3,0.0448833034111311,0.0466786355475763,0.0447042541145044,-0.0017953321364452,0.211433805514881,-0.00849122557328631,4.03797567094522e-06,0.498817014615418,6.04289458872752,0.549371633752244,0.559245960502693,1.79738562091504
football,penalty_goals,1114,0.631959847135876,-0.016622501594992,0.984063795052116,Q3,0.078096947935368,0.0475763016157989,0.0774533383015481,0.0305206463195691,0.27830439863852,0.109666417307372,0.000832236705112899,0.516981631160095,7.8170972071503,0.59605026929982,0.595152603231598,-0.150602409638553
football,shots,1114,0.813814009388614,-0.284782030016349,0.779254553103234,Q3,13.7486535008977,10.834829443447,25.4120601799203,2.9138240574507,5.04103760945307,0.578020693990981,0.0163456182299799,0.575123448697599,-1.22868239220161,0.578096947935368,0.562836624775583,-2.63975155279503
football,shots_inside_box,1114,0.80760737936891,-0.226871082978975,0.81593862369428,Q3,8.86983842010772,7.0475763016158,14.7368612496996,1.82226211849192,3.83886197325452,0.474688105794811,0.0116098800333962,0.563347240247646,1.83403719606123,0.560143626570916,0.581687612208258,3.84615384615383
football,shots_outside_box,1114,0.755105072608852,-0.132041989426926,0.884368562884764,Q3,4.77827648114901,3.71903052064632,6.66687717056945,1.05924596050269,2.58202966105532,0.410237719759485,0.00968892278567224,0.557882647587904,-1.03063459721046,0.540394973070018,0.547576301615799,1.32890365448506
football,penalties,1114,0.719648804117471,-0.0402093051173868,0.96184240234816,Q3,0.100538599640934,0.0682226211849192,0.0959026746093579,0.0323159784560148,0.309681569695967,0.104352281886653,0.000699008530056222,0.515563379049685,7.59985599090216,0.591561938958707,0.591561938958707,0
football,big_chances,1114,0.750461737047431,-0.0373207855006724,0.964376305483874,Q3,1.08707360861759,0.880610412926391,1.3733637555832,0.206463195691199,1.17190603530454,0.176177261206396,0.00196126592666235,0.52606558846974,14.5388630560781,0.654398563734291,0.671454219030521,2.60631001371742
football,corners,1114,0.747280799304049,-0.278975894591296,0.783672984973207,Q3,5.8491921005386,4.53321364452424,9.32674238354941,1.31597845601436,3.05397157543246,0.430907237840945,0.00951593275282181,0.557364740928287,-1.87650999947139,0.522441651705566,0.538599640933573,3.09278350515463
football,free_kicks,1114,0.881245428826023,-0.0173454451950408,0.982983715004345,Q3,13.0655296229803,12.713644524237,14.8483525045125,0.351885098743299,3.85335600542079,0.0913191250038348,0.000500128410670819,0.513164773784681,3.62068599675635,0.549371633752244,0.549371633752244,0
football,set_pieces,1114,1.04128168010571,-0.125398763807377,0.888594177355996,Q4,41.5278276481149,38.6086175942549,63.2413632910228,2.91921005386,7.95244385651498,0.367083390531385,0.00671194311718248,0.548193075893712,1.2848216745426,0.564631956912029,0.561041292639138,-0.635930047694748
football,sp_goals,1114,0.791265374979542,-0.0364510835839528,0.96506209600293,Q3,0.269299820466786,0.220825852782765,0.256253417663939,0.048473967684021,0.506214793999483,0.095757706528171,0.000567003316736092,0.514017226192732,12.2428016177106,0.629263913824057,0.636445242369838,1.14122681883025
football,sp_xg,1114,0.847100829991018,-0.07927303880796,0.926783221683414,Q3,0.294311951786355,0.239078553447038,0.0793374556714326,0.055233398339317,0.281669053450024,0.196093243694295,0.00221259324946277,0.527684549678881,1.80964198004726,0.552962298025135,0.545780969479354,-1.29870129870129
football,sp_shots,1114,0.691854250088635,-0.119605891176275,0.894770266444546,Q3,3.69479353680431,2.8294434470377,5.99661258087463,0.86535008976661,2.44879819112858,0.353377462014456,0.00755374962046096,0.551121012192463,-0.0851712371995772,0.549371633752244,0.550269299820467,0.163398692810456
football,shots_on_target,1114,0.782524936395718,-0.0701789186802245,0.934881174145851,Q3,4.37163375224416,3.50448833034111,5.41073102117783,0.867145421903051,2.3260978098906,0.372789750377623,0.00833328792149968,0.553689221247663,14.2899647693091,0.641831238779174,0.696588868940754,8.53146853146853
football,np_shots_on_target,1114,0.784181699804032,-0.0685316932302665,0.936304625181953,Q3,4.27737881508079,3.44075403949731,5.27339617802339,0.83662477558348,2.29638763670757,0.36432210407777,0.00796519537343465,0.552492306755252,13.8710565776166,0.639138240574506,0.691202872531418,8.14606741573034
football,op_goals,1114,0.714202045864814,-0.0689955700994052,0.936303387872139,Q3,1.10951526032316,0.838420107719928,1.20632447281273,0.271095152603232,1.09832803515741,0.246825305305423,0.00381309750167014,0.536336678515127,32.1832082705699,0.75673249551167,0.858168761220826,13.4045077105575
football,op_xg,1114,0.803931692872611,-0.120970871334064,0.892654533928953,Q3,0.948182462118492,0.760498067190305,0.343994605198109,0.187684394928187,0.586510532896136,0.320001746603626,0.00580073646313073,0.544807211365107,14.5497995098089,0.637342908438061,0.690305206463196,8.30985915492958
football,op_shots,1114,0.826008186732029,-0.181391603839541,0.84705113434666,Q3,9.95332136445242,7.93716337522442,17.3814669460481,2.016157989228,4.16910865126445,0.483594494141216,0.0123782844663669,0.565404151688412,1.17951301787332,0.582585278276481,0.577199281867145,-0.924499229583967
football,goals_from_counters,1114,0.892340192011525,-0.0375796156100951,0.963838004357953,Q3,0.13016157989228,0.11310592459605,0.13668155518025,0.01705565529623,0.369704686446155,0.0461331866257368,0.000124442771014754,0.506567140768342,10.2050453486595,0.604129263913824,0.608617594254937,0.742942050520053
football,xg_from_counters,1114,0.82408055792228,-0.0245217472442266,0.976174089661428,Q3,0.106062972136445,0.0939689500179533,0.0319125250349259,0.0120940221184917,0.178640770920095,0.0677002347011885,0.000281557935977172,0.509877965205604,9.96372951175561,0.590664272890485,0.60951526032316,3.19148936170214
football,passes,1114,0.838641165866262,-0.648614522247431,0.607492097224751,Q3,500.87881508079,459.790843806104,16458.0275292326,41.087971274686,128.28884413398,0.320277040081328,0.00388350658094705,0.536670324731656,0.551998047480684,0.544883303411131,0.542190305206463,-0.494233937397051
football,successful_passes,1114,0.818623943492114,-0.526309957953207,0.65630323491256,Q3,397.477558348294,358.335727109515,17582.5641859467,39.141831238779,132.599261634244,0.295188907965009,0.00360371802269688,0.535325815254522,0.955748815660862,0.549371633752244,0.544883303411131,-0.81699346405228
football,op_passes,1114,0.821726846811142,-0.602315856563399,0.625224733416656,Q3,450.687612208259,410.797127468582,16494.5761806365,39.890484739677,128.431211863147,0.310598056040952,0.00379400965548482,0.536245696234157,0.594460897230575,0.545780969479354,0.542190305206463,-0.65789473684212
football,successful_op_passes,1114,0.801190581333179,-0.499702816104937,0.668159090833742,Q3,360.662477558348,323.37881508079,16632.8455449793,37.283662477558,128.968389712283,0.289091478623053,0.00355296416450679,0.535076379185479,1.42952545667648,0.549371633752244,0.549371633752244,0
football,passes_inside_box,1114,0.738941726032663,-0.205409750485365,0.831198639952848,Q3,7.9245960502693,6.33303411131059,19.687031507837,1.59156193895871,4.43700704392465,0.358701693101422,0.00703614614866621,0.549341417905469,0.451854618788761,0.548473967684022,0.553859964093357,0.981996726677569
football,successful_passes_inside_box,1114,0.753750592181336,-0.106225415721332,0.904835678713602,Q3,2.745960502693,2.17684021543986,4.87071592296686,0.56912028725314,2.20696985094198,0.257874065207655,0.00393129556445238,0.536895056500389,2.41462361387486,0.547576301615799,0.561041292639138,2.45901639344262
football,passes_into_box,1114,0.765788105543616,-0.486737225712749,0.674565088756621,Q3,30.1247755834829,24.5574506283662,98.7687836423144,5.5673249551167,9.93824851985069,0.560191762562237,0.0136700133514324,0.56872177925502,0.129617406634408,0.583482944344704,0.570017953321364,-2.30769230769233
football,successful_passes_into_box,1114,0.755151442552558,-0.353083507048956,0.740943297156783,Q3,10.5296229802513,8.36624775583483,22.137935706785,2.16337522441647,4.70509677974694,0.459793990578197,0.0101943976749974,0.559369851128922,-1.17935495131232,0.549371633752244,0.547576301615799,-0.326797385620912
football,op_passes_into_box,1114,0.698761842107474,-0.47438395283786,0.681725613357175,Q3,21.9470377019749,17.7307001795332,69.5919813337077,4.2163375224417,8.34218084997608,0.505423893136264,0.0117010949751337,0.563594929001186,-0.345130243027036,0.579892280071813,0.560143626570916,-3.40557275541795
football,successful_op_passes_into_box,1114,0.711819837346336,-0.319704392069668,0.760374458592016,Q3,7.98294434470377,6.22800718132855,17.5298076752465,1.75493716337522,4.18686131550192,0.419153401828127,0.00891982147333414,0.555542760254964,-0.886412470738784,0.549371633752244,0.546678635547576,-0.490196078431368
football,passes_into_final_third,1114,0.897547683244465,-0.239875211790144,0.806760444248755,Q3,53.4497307001795,49.1418312387792,139.122807654277,4.3078994614003,11.7950331773284,0.365229957104374,0.00649009261017419,0.547391136135381,1.99338189813156,0.553859964093357,0.567324955116697,2.43111831442463
football,successful_passes_into_final_third,1114,0.729286641410165,-0.532713372601124,0.655245582877065,Q3,29.4991023339318,24.9012567324955,116.259208537587,4.5978456014363,10.7823563536727,0.426423079577606,0.00787924155928388,0.552208831827791,-1.09161926895499,0.551166965888689,0.541292639138241,-1.79153094462541
football,op_passes_into_final_third,1114,0.867338602612142,-0.460026019681861,0.685465019467908,Q3,47.8671454219031,43.0825852782765,144.379458690424,4.78456014362661,12.0158003766051,0.398189050555649,0.00665994065943853,0.54800630812281,2.82953076761132,0.567324955116697,0.576301615798923,1.58227848101266
football,successful_op_passes_into_final_third,1114,0.703492319580254,-0.531689882722062,0.656351540546359,Q3,27.2289048473968,22.6903052064632,127.790322788781,4.5385996409336,11.3044381898784,0.401488297312936,0.00710518499631752,0.549582500012421,0.337979801271349,0.549371633752244,0.552962298025135,0.653594771241824
football,passes_in_final_third,1114,0.650260200287995,-0.599436374892341,0.630588561737577,Q3,171.253141831239,142.775583482944,3130.48213297717,28.477558348295,55.9507116395955,0.508975802340677,0.0113008892927208,0.562500820749589,-1.67198512702352,0.543087971274686,0.545780969479354,0.495867768595057
football,successful_passes_in_final_third,1114,0.597936872253077,-0.524462862922913,0.663310455816057,Q3,113.516157989228,90.842908438061,2532.21043050871,22.673249551167,50.3210734236533,0.450571659318171,0.0096287992844768,0.557703178447407,-0.833154469516284,0.549371633752244,0.549371633752244,0
football,passes_in_middle_third,1114,0.845361714020616,-0.579067020332891,0.634103231036991,Q3,233.665170556553,212.411131059246,5730.65238869505,21.254039497307,75.7010725729501,0.280762726007948,0.00310494518239357,0.532792069087098,1.20912343240333,0.548473967684022,0.544883303411131,-0.654664484451713
football,successful_passes_in_middle_third,1114,0.807707367839666,-0.516303154695064,0.660775298998869,Q3,195.268402154399,174.287253141831,5948.34388837002,20.981149012568,77.1255073783636,0.272039040335104,0.00310088450593016,0.532770634576608,0.762433849341015,0.549371633752244,0.540394973070018,-1.63398692810458
football,passes_in_own_third,1114,0.938654238861023,-0.196356168693938,0.835940186745427,Q3,149.410233393178,153.745960502693,1838.26012878645,-4.33572710951501,42.8749359041673,-0.101124981719065,0.000506113181065748,0.48675670169836,6.1717265985662,0.549371633752244,0.548473967684022,-0.163398692810456
football,successful_passes_in_own_third,1114,0.981400839334481,-0.130583353599425,0.884503637473288,Q3,118.1921005386,118.106822262118,1890.67465452358,0.0852782764820006,43.4818888104413,0.00196123670831711,1.9712964505203e-07,0.500261380805928,5.09055850827612,0.549371633752244,0.551166965888689,0.326797385620912
football,forward_passes,1114,1.05634440600485,0.225333406517784,1.2907369542934,Q1,116.566427289048,114.052064631957,287.243112651042,2.514362657091,16.9482480702591,0.148355313579769,0.00158479097493536,0.523431721104679,3.13259090569007,0.547576301615799,0.55475763016158,1.31147540983605
football,sideways_passes,1114,0.814712192258882,-0.589203603556241,0.630467604834774,Q3,332.881508078995,298.433572710952,11713.4145184784,34.447935368043,108.228529133858,0.318288861945425,0.00403268702371851,0.537367366793808,-0.146072406490316,0.547576301615799,0.535906642728905,-2.13114754098361
football,backward_passes,1114,0.869670519559656,-0.298167296246297,0.770747361183746,Q3,51.4308797127469,47.3052064631957,296.676709557845,4.1256732495512,17.2243057786909,0.239526242889585,0.00271165521157379,0.530646355957252,1.87252777949917,0.549371633752244,0.549371633752244,0
football,forward_passes_in_final_third,1114,0.873691402454656,-0.0390261718566084,0.962521902542331,Q3,46.3913824057451,42.189407540395,131.072198806015,4.2019748653501,11.448676727291,0.367027121600311,0.00791347731797964,0.552321926456791,-1.28246194549962,0.549371633752244,0.539497307001795,-1.79738562091504
football,sideways_passes_in_final_third,1114,0.618081415557145,-0.584393147766732,0.637803376371611,Q3,107.920107719928,86.8447037701975,1846.50484239629,21.0754039497305,42.9709767447319,0.490456711629537,0.0108271770476476,0.561180201983078,-1.45015664355025,0.553859964093357,0.546678635547576,-1.29659643435979
football,backward_passes_in_final_third,1114,0.67648295467483,-0.339537330821286,0.750100119926051,Q3,16.9416517055655,13.7414721723519,74.2059365326701,3.2001795332136,8.61428676865764,0.371496749429934,0.00706435044249232,0.549440049630413,-0.00684158781693034,0.549371633752244,0.549371633752244,0
football,deep_completions,1114,0.823409209978248,-0.173147329967635,0.852999651497099,Q3,3.99012567324955,3.16786355475763,7.52640735166734,0.82226211849192,2.74342985178541,0.299720482357803,0.0048131106191952,0.540819617454164,0.944968236630284,0.543087971274686,0.550269299820467,1.32231404958679
football,long_balls,1114,0.910794567313509,0.233333587240065,1.30391556320592,Q2,67.165170556553,65.2396768402154,153.945739997839,1.9254937163376,12.4074872555985,0.155188047077685,0.00188499971062162,0.525553992674166,5.07476231247568,0.552064631956912,0.576301615798923,4.39024390243903
football,successful_long_balls,1114,0.872790398816906,-0.153598947054151,0.867119038538231,Q3,32.2010771992819,29.2692998204668,74.6675280389586,2.9317773788151,8.64103743996973,0.339285346138411,0.00610056574599671,0.545949027483494,3.48409186565423,0.564631956912029,0.580789946140036,2.86168521462639
football,goalkeeper_long_balls,1114,1.00097391793437,-0.241160841090689,0.805697368067314,Q4,16.7253141831239,18.8985637342908,69.735800664902,-2.1732495511669,8.35079640902004,-0.260244585632513,0.00312597836023243,0.467097130215642,8.85581660141601,0.543985637342908,0.555655296229802,2.14521452145215
football,goalkeeper_passes,1114,0.884855329999944,0.0274961972939264,1.02821931733656,Q2,36.7728904847397,38.3725314183124,104.116389301563,-1.5996409335727,10.2037438865136,-0.156770000439444,0.00153803990256618,0.476916357303529,7.06599443122698,0.545780969479354,0.547576301615799,0.32894736842105
football,crosses,1114,0.695934780307832,-0.381879267913184,0.72690723600403,Q3,12.8788150807899,9.96140035906643,30.2144115327104,2.91741472172347,5.49676373266219,0.530751340900459,0.0137670591331021,0.568964504110195,-2.04905364261729,0.561938958707361,0.548473967684022,-2.3961661341853
football,successful_crosses,1114,0.714652525636524,-0.212774207495085,0.826578009315917,Q3,3.6983842010772,2.7935368043088,5.00687968693795,0.9048473967684,2.23760579346272,0.40438195119621,0.00900974475182292,0.555821447351429,-0.644981359918462,0.549371633752244,0.549371633752244,0
football,dribbles,1114,1.04062429041819,0.0333515883382322,1.03449522115652,Q1,13.2567324955117,12.4811490125673,23.6986293856996,0.7755834829444,4.86812380550244,0.159318767133194,0.0014762046282617,0.522615017471618,2.137061987129,0.549371633752244,0.543985637342908,-0.980392156862757
football,successful_dribbles,1114,1.03838457919399,0.0433453409672084,1.04530088943357,Q1,6.72172351885099,6.21723518850987,9.73021948862876,0.50448833034112,3.11932997430999,0.161729709423485,0.0015387518961244,0.523088983148824,2.62826506034196,0.550269299820467,0.549371633752244,-0.163132137030994
football,carries,1114,0.802279401462037,-0.503594217906667,0.666420281316766,Q3,395.250448833034,357.25763016158,15264.390947687,37.992818671454,123.549143856552,0.307511792356618,0.00400637801639503,0.537245389505155,0.494491570130817,0.549371633752244,0.542190305206463,-1.30718954248367
football,carries_into_final_third,1114,0.80377724982752,-0.335289410103272,0.750018979912478,Q3,14.475763016158,12.1508078994614,34.1543985637344,2.3249551166966,5.8441764658277,0.397824249539891,0.00752686213147014,0.551030107750892,-0.345380613509283,0.545780969479354,0.547576301615799,0.32894736842105
football,carries_into_box,1114,0.79659998592102,-0.126027167072362,0.888717549344173,Q3,6.16068222621185,5.08078994614004,12.2248318791627,1.07989228007181,3.4964027055193,0.308858095312399,0.00540295480252051,0.543245609216209,1.68980173547065,0.562836624775583,0.560143626570916,-0.478468899521527
football,progressive_carries,1114,0.858845296558229,-0.249102147005183,0.801036285750569,Q3,19.8958707360862,16.5996409335727,61.2613845511103,3.2962298025135,7.82696521974579,0.421137658079507,0.00873650018980388,0.554970204718975,-0.380323883028566,0.541292639138241,0.551166965888689,1.82421227197347
football,deep_progressions,1114,0.739140158184316,-0.56994134235438,0.639593288233974,Q3,43.9748653500898,37.0520646319569,218.99487531878,6.9228007181329,14.7984754390032,0.467804994282521,0.00919770675588905,0.556399488120601,-1.24138507776932,0.543087971274686,0.543985637342908,0.165289256198346
football,box_entries,1114,0.796274290370262,-0.363785455392565,0.734517379359709,Q3,16.6903052064632,13.4470377019749,44.1672554323718,3.2432675044883,6.64584497504808,0.488014318219157,0.0111188207977329,0.561996611484241,-1.89086402095554,0.545780969479354,0.543087971274686,-0.493421052631595
football,tackles,1114,1.06701913817422,0.0649312907007445,1.06940108475313,Q1,23.8240574506284,24.8393177737881,47.4676686975052,-1.0152603231597,6.88967841756821,-0.147359609785394,0.00128896339295359,0.478867380299481,7.05042534527629,0.549371633752244,0.549371633752244,0
football,successful_tackles,1114,1.12794739865275,0.120353901076867,1.13653947446891,Q1,16.9281867145422,17.4587073608618,26.082888532941,-0.530520646319601,5.10714093529256,-0.103878207600161,0.000661446960603884,0.484860481785265,5.46368252165301,0.551166965888689,0.539497307001795,-2.11726384364821
football,ball_recoveries,1114,0.927155430385563,0.18490458804013,1.2266513782459,Q2,50.1687612208258,47.1579892280072,82.3434617165181,3.0107719928186,9.07432982189418,0.331790011153697,0.00801250087735927,0.552647663915808,-0.327603016356437,0.549371633752244,0.549371633752244,0
football,regains,1114,0.958751609370636,0.38738025378103,1.63210507433306,Q2,71.318671454219,68.6373429084381,119.809408475968,2.6813285457809,10.945748420093,0.244965300029993,0.00572413069248712,0.544510756075025,-0.142278480033864,0.547576301615799,0.543087971274686,-0.819672131147554
football,regains_opposition_half,1114,0.75774486549711,-0.326056408081485,0.755889393311777,Q3,30.302513464991,25.1499102333932,74.7880080523791,5.1526032315978,8.64800601597727,0.595814020258348,0.0173751054880905,0.577443781244769,-2.98674796289701,0.549371633752244,0.547576301615799,-0.326797385620912
football,tackle_interceptions_opposition_half,1114,0.741236813831283,-0.105667631893866,0.905391721684455,Q3,6.61220825852783,5.66965888689408,10.3472362692579,0.94254937163375,3.2167120277168,0.293016397959244,0.00511241653905348,0.542068214204534,0.820108561593325,0.546678635547576,0.550269299820467,0.656814449917893
football,blocks,1114,1.1315229678936,0.0681925359388213,1.07303344117596,Q1,20.0780969479354,21.8357271095153,32.6039582799008,-1.7576301615799,5.70998759017047,-0.307816809375487,0.00546130336780726,0.456521798692593,9.73381654007637,0.547576301615799,0.553859964093357,1.14754098360655
football,pressures,1114,1.0544950907543,-0.0274755416154927,0.973268334087898,Q4,166.824955116697,170.703770197487,1577.28918800337,-3.87881508078999,39.7151002517099,-0.0976660025080256,0.000518641790524521,0.486593807142787,6.09824944730115,0.549371633752244,0.547576301615799,-0.326797385620912
football,pressures_opposition_half,1114,1.00044914268441,-0.0552722659987057,0.947622744897748,Q4,85.6723518850987,78.7549371633752,641.512496350459,6.9174147217235,25.3280969745155,0.273112296146199,0.00404840260498218,0.537440039146687,1.10339285373349,0.547576301615799,0.548473967684022,0.163934426229507
football,counterpressures,1114,0.969810346624252,0.259646401208996,1.35065030004214,Q2,32.4228007181329,31.1858168761221,77.3583655541414,1.2369838420108,8.79536045618037,0.140640494289417,0.00155585595607655,0.523216905887257,2.25640635920966,0.549371633752244,0.545780969479354,-0.653594771241824
football,counterpressures_opposition_half,1114,0.897265252381318,0.0613817230720364,1.06529362348831,Q2,23.0359066427289,20.8797127468582,52.9690599589316,2.1561938958707,7.27798460831923,0.296262497368574,0.005642141696651,0.544191253295187,0.697571259350216,0.549371633752244,0.551166965888689,0.326797385620912
football,yellow_cards,1114,1.09767867494664,0.160917178101385,1.19152959367071,Q1,1.78815080789946,2.12387791741472,1.66397447499036,-0.33572710951526,1.28995134597796,-0.260263389438717,0.0044076569495497,0.460935678722547,8.12546264839165,0.546678635547576,0.542190305206463,-0.821018062397386
football,second_yellow_cards,1114,1.42044581091468,-0.0254285391101525,0.975569816331047,Q4,0.0206463195691203,0.0323159784560144,0.0220351614105213,-0.0116696588868941,0.14844245151075,-0.0786140269722575,0.000285934329103954,0.490045566816709,6.83027276177612,0.549371633752244,0.55834829443447,1.63398692810458
football,red_cards,1114,1.40868919683257,0.104067007240368,1.11427823840128,Q1,0.0233393177737881,0.033213644524237,0.0228150743377193,-0.0098743267504489,0.151046596577743,-0.0653727192414207,0.000226945661904177,0.491131558844832,6.63190695214156,0.549371633752244,0.557450628366248,1.4705882352941
football,fouls,1114,1.15718244175162,-0.0467198173217799,0.955478862051575,Q4,12.4174147217235,13.2289048473968,13.9343235888577,-0.8114901256733,3.73287069007991,-0.217390366033796,0.00240028684731697,0.471165739427205,7.82058943250394,0.555655296229802,0.549371633752244,-1.1308562197092
football,obv,1114,0.740344659048449,-0.108749395619474,0.902908280474391,Q3,1.34150690682226,1.05800641411131,0.714335876742916,0.28350049271095,0.845183930717401,0.33543052867831,0.00667942143126854,0.548076359188277,19.2498147095386,0.686714542190305,0.740574506283663,7.84313725490196
football,on_ball_obv,1114,0.769793487513731,-0.23749310745363,0.809405032370732,Q3,1.42642462028725,1.15363636265709,0.354134003054293,0.27278825763016,0.595091592155605,0.458397095885756,0.0109729359334406,0.561589597039727,5.60046578974364,0.601436265709156,0.617594254937163,2.6865671641791
football,defensive_obv,1114,0.549729241371992,0.0304172411023008,1.02997755214752,Q2,0.10506366541921,0.087589173986176,0.0169625932905528,0.017474491433034,0.130240520923992,0.134170927059115,0.00137264523081582,0.521807606288206,3.29500238733742,0.550269299820467,0.55475763016158,0.815660685154968
football,obv_from_passes,1114,0.782873664989696,-0.0422301762778923,0.959770417834942,Q3,0.7690582994614,0.627563665924596,0.201152390595339,0.141494633536804,0.448500156739481,0.315484022492758,0.00613260464673604,0.54606935589148,4.90832473401178,0.567324955116697,0.595152603231598,4.90506329113924
football,obv_from_carries,1114,0.815740839916706,-0.170577352389732,0.854922417236723,Q3,0.723341661579892,0.584434836974866,0.150879263521365,0.138906824605026,0.388431800347712,0.357609300991013,0.00688922571649142,0.548824387002898,3.7351555546474,0.58886894075404,0.586175942549372,-0.457317073170728
football,obv_from_dribbles,1114,0.93399413816255,-0.0409668448184608,0.960667414609194,Q3,-0.0659753240101436,-0.0583622107248654,0.00367093892682537,-0.00761311328527819,0.0605882738392948,-0.125653246129298,0.000899987612569264,0.482340807681906,6.70308260703381,0.549371633752244,0.549371633752244,0
football,obv_from_dribble_carry,1114,0.801400794896642,-0.163524512747808,0.860194555898759,Q3,0.657366338868941,0.526072607495511,0.143192114750752,0.13129373137343,0.378407339715751,0.346964018911615,0.00657812933189139,0.547710992209709,3.57719521349951,0.584380610412926,0.583482944344704,-0.153609831029185
