sport,kpi,n,var_home,var_away,mean_home,mean_away,cohens_d_paired,kappa,rho,eta,kappa_abs,quadrant,p_rho,sig_rho,tau,abs_tau,psi,cos_sigma,sigma,sphere_x,sphere_y,sphere_z,eta_from_sigma,eta_sigma_residual
rugby,carries,283,896.910833771897,743.328672029672,121.936395759717,113.752650176678,0.191040157146521,0.828765406817146,-0.119311757271544,0.893824721307278,1.20661406928225,Q3,0.0449181827762537,1,-0.0939090736134679,0.0939090736134679,-0.718732632884706,-0.118787583473227,1.68986505766104,-0.118787583473227,0.98849490985697,-0.0936339852801991,0.893824721307278,-1.11022302462516e-16
rugby,metres_made,283,16562.9565696815,9596.56291506904,394.342756183746,342.505300353357,0.319262566645575,0.579399147410407,-0.00806149624447688,0.992289525849996,1.72592590870982,Q3,0.892598178199596,0,-0.272881832576136,0.272881832576136,-0.176758382789899,-0.00777038752212872,1.57856679251375,-0.00777038752212878,0.963857675113229,-0.266304343192291,0.992289525849996,-1.11022302462516e-16
rugby,defenders_beaten,283,56.6556649875949,47.829010350099,21.1342756183746,18.6325088339223,0.239622878654207,0.844205259272333,-0.0433957347984566,0.958551642210784,1.18454604376897,Q3,0.467139710544842,0,-0.0846798078820491,0.0846798078820491,-0.42204243551414,-0.0432406100662661,1.61405042306907,-0.0432406100662661,0.995486674954656,-0.0844779831010455,0.958551642210784,0
rugby,clean_breaks,283,9.18840688670025,7.1742475503095,6.08127208480565,4.76325088339223,0.332940303607441,0.780793410519713,0.0425601536230389,1.04409906898945,1.28074851366174,Q2,0.475767215346545,0,-0.123722341657363,0.123722341657363,0.416968361378052,0.0422364795633149,1.5285472793884,0.042236479563315,0.991495700956876,-0.12309490151152,1.04409906898945,0
rugby,offloads,283,22.7661829937599,15.8195874996867,9.65371024734982,8.26501766784452,0.239193315319284,0.694872192849492,0.128551987818191,1.1447562513383,1.43911356691258,Q2,0.0306192711607307,1,-0.182013672754362,0.182013672754362,0.743680537833649,0.126451592790228,1.44400529222606,0.126451592790228,0.975499462299215,-0.180029980099865,1.1447562513383,0
rugby,passes,283,1919.6215572764,1617.35160263639,147.212014134276,136.883392226148,0.162488220367255,0.842536695061463,-0.14289920552267,0.875368206324748,1.18689192513692,Q3,0.0161434764438126,1,-0.0856690313675075,0.0856690313675075,-0.793880783275955,-0.142376422601091,1.71365821075889,-0.142376422601091,0.986116388490958,-0.085460064573251,0.875368206324748,1.11022302462516e-16
rugby,turnovers_conceded,283,14.434228002907,13.3891937949528,13.4098939929329,13.3427561837456,0.0133691643160045,0.927600270153429,0.0936757567858942,1.10327742273993,1.0780505700312,Q2,0.115868313164505,0,-0.0375771911808301,0.0375771911808301,0.632157367361341,0.0936096584696254,1.47704941311333,0.0936096584696253,0.994900253658264,-0.0375595142663102,1.10327742273993,0
rugby,turnovers_won,283,6.08959226123349,6.00090218780543,6.57243816254417,6.30742049469965,0.083114379813379,0.985435794446753,0.1590870396334,1.18917766417384,1.01477945659709,Q2,0.00732903659779895,1,-0.00733565237166775,0.00733565237166775,0.844565546030847,0.159082759349732,1.41103481568185,0.159082759349732,0.987237998565883,-0.00733552079295765,1.18917766417384,0
rugby,kicks_from_hand,283,38.3002029922562,43.1588351753001,24.7067137809187,23.9116607773852,0.140374955222892,1.12685656480793,0.607283070019013,2.5393722778852,1.12685656480793,Q1,6.5371167719906e-30,1,0.0597159776350896,0.0597159776350896,2.08355838826841,0.606201891424598,0.919520105859672,0.606201891424598,0.793071074564129,0.0596450963863577,2.5393722778852,0
rugby,kick_metres,283,42618.7268626419,45146.1499636619,881.222614840989,842.077738515901,0.222825127044355,1.05930311126294,0.648626981661871,2.84380113165015,1.05930311126294,Q1,3.54222859271363e-35,1,0.0288056248546521,0.0288056248546521,2.22649188203745,0.648357971002094,0.865370650231081,0.648357971002094,0.760790796608769,0.0287976602077619,2.84380113165015,4.44089209850063e-16
rugby,scrums_won,283,5.01112698293361,4.86219081272085,6.23674911660777,6.23674911660777,0,0.970278907175971,-0.130650058051742,0.884458582711105,1.03063149430975,Q3,0.0279794631784919,1,-0.015085857821672,0.015085857821672,-0.757070886054192,-0.130635192588362,1.70180596241854,-0.130635192588362,0.991315740758772,-0.0150847134970492,0.884458582711105,-1.11022302462516e-16
rugby,rucks_won,283,1824.35909580733,1496.82858431697,43.4275618374558,40.2402826855124,0.128303570514055,0.820468178527418,0.818178267756076,5.38183896817112,1.21881631265067,Q2,1.67014659758628e-69,1,-0.0989400761148835,0.0989400761148835,2.96918348542162,0.814189906848918,0.619463772188178,0.814189906848918,0.572161855741648,-0.0986184892381949,5.38183896817112,8.88178419700125e-16
rugby,lineout_throws_lost,283,1.8276069468461,2.27862566724306,1.71731448763251,2.03886925795053,-0.160796023474731,1.24678102760294,0.0262557398164393,1.02679617734608,1.24678102760294,Q1,0.660074116539439,0,0.110282525961214,0.110282525961214,0.325945977328119,0.0260968807025896,1.54469648298293,0.0260968807025896,0.993606891705687,0.109837596352784,1.02679617734608,0
rugby,lineout_throws_won,283,13.0168408390347,11.9529358694835,12.5017667844523,11.5088339222615,0.179635410030099,0.918267037086238,-0.223808154256659,0.817257263595814,1.08900783716805,Q3,0.000146668348829854,1,-0.0426335202949027,0.0426335202949027,-1.02751788884748,-0.223604909426126,1.79630779531406,-0.223604909426126,0.973748133579342,-0.0426077085898897,0.817257263595814,0
rugby,tackles,283,1424.12678244744,1448.15780768363,127.657243816254,133.724381625442,-0.10518231153961,1.01687421761348,-0.158395622736632,0.8632670619467,1.01687421761348,Q4,0.00759173119264585,1,0.00836671479400925,0.00836671479400925,-0.842498915835368,-0.158390078899758,1.729856262161,-0.158390078899758,0.987341169128686,0.00836651957078567,0.8632670619467,-1.11022302462516e-16
rugby,missed_tackles,283,47.829010350099,56.6034132771972,18.6325088339223,21.13074204947,-0.239362310824272,1.18345357478382,-0.0432363469782904,0.958696050776876,1.18345357478382,Q4,0.468778723826257,0,0.084218461075194,0.084218461075194,-0.421251925635161,-0.0430834665373382,1.61389313295897,-0.0430834665373382,0.995532254367137,0.0840199108891004,0.958696050776876,0
rugby,penalties_conceded,283,10.8401122722602,10.7922712578002,10.982332155477,12.1272084805654,-0.237752704220478,0.995586667992131,-0.071918868827419,0.932906578246298,1.00443289584901,Q3,0.22779042596473,0,-0.00221154975315584,0.00221154975315584,-0.549796188455399,-0.0719186929518986,1.64277716198395,-0.0719186929518987,0.997408046221669,-0.00221154614763477,0.932906578246298,0
rugby,scrum_pens_conceded,283,2.96524070871864,2.93348871012205,2.45583038869258,2.6113074204947,-0.0603258531034804,0.989291932185054,-0.126076166862636,0.888040837269668,1.01082397163726,Q3,0.0340053168109918,1,-0.00538290588022652,0.00538290588022652,-0.742465433790538,-0.126074340313625,1.69720706530162,-0.126074340313624,0.99200619231862,-0.00538285388971737,0.888040837269668,1.11022302462516e-16
rugby,lineout_pens_conceded,283,0.401122722602311,0.534195423902965,0.424028268551237,0.480565371024735,-0.0585330923171914,1.33175059352743,0.00254450668307087,1.00252498119695,1.33175059352743,Q1,0.966007766622416,0,0.14324715624484,0.14324715624484,0.100456137244333,0.00251862172445205,1.56827770240764,0.00251862172445212,0.98982391666313,0.142275333583409,1.00252498119695,0
rugby,general_play_pens_conceded,283,2.58183595218405,3.47134300679147,2.59717314487632,3.19787985865724,-0.252990891973553,1.34452500897858,0.0693627485928981,1.07366380996408,1.34452500897858,Q1,0.244789376980103,0,0.148020398752378,0.148020398752378,0.536368860217628,0.0686097540779995,1.50213263061013,0.0686097540779996,0.986761758392985,0.146948745549392,1.07366380996408,0
rugby,free_kicks_conceded,283,0.649374733729294,0.607748790817733,0.734982332155477,0.717314487632509,0.0165107293688829,0.935898425439951,0.0891783393694309,1.0978508272783,1.06849202094759,Q2,0.134509023298206,0,-0.03312416411118,0.03312416411118,0.615844117092692,0.0891294380320156,1.48154845667985,0.0891294380320155,0.995469504861666,-0.0331120547016724,1.0978508272783,-2.22044604925031e-16
rugby,ruck_maul_tackle_pen_con,283,1.85878254767812,2.03413277197203,1.75618374558304,1.86219081272085,-0.054098008962751,1.09433606126384,0.0136614367449129,1.01383640410132,1.09433606126384,Q1,0.819013144573354,0,0.0450739213133228,0.0450739213133228,0.234717323722989,0.0136475707967735,1.55714833230519,0.0136475707967736,0.998891802960312,0.0450434211627474,1.01383640410132,-2.22044604925031e-16
football,np_shots,1114,25.092597521377,20.4899530761798,13.6481149012567,10.7666068222621,0.376711632023319,0.816573615335117,-0.285036971620823,0.779070931770036,1.22462933068148,Q3,2.87306868257846e-22,1,-0.101319105504577,0.101319105504577,-1.18731902085845,-0.283580171227821,1.85832182015937,-0.283580171227821,0.953617624279709,-0.100973824080917,0.779070931770036,0
football,shots,1114,25.4120601799203,20.6806905818457,13.7486535008977,10.834829443447,0.378866918229848,0.813814009388614,-0.284782030016349,0.779254553103234,1.2287819925234,Q3,3.13981136048324e-22,1,-0.103011714390961,0.103011714390961,-1.18652618106434,-0.283277712036059,1.8580064277451,-0.283277712036059,0.95352868006766,-0.102648887729202,0.779254553103234,0
football,shots_inside_box,1114,14.7368612496996,11.9015978939931,8.86983842010772,7.0475763016158,0.318922414048107,0.80760737936891,-0.226871082978975,0.81593862369428,1.2382254366985,Q3,1.80456544854456e-14,1,-0.106839627589709,0.106839627589709,-1.03289913336085,-0.225582379557368,1.79833710972775,-0.225582379557368,0.968392580075325,-0.106434960836606,0.81593862369428,0
football,shots_outside_box,1114,6.66687717056945,5.03419276995715,4.77827648114901,3.71903052064632,0.291206240022675,0.755105072608852,-0.132041989426926,0.884368562884764,1.32431900708208,Q3,9.79985897887395e-06,1,-0.140449185198937,0.140449185198937,-0.75743709449421,-0.130750279881108,1.70192204536392,-0.130750279881108,0.981547212245286,-0.139532915272775,0.884368562884764,1.11022302462516e-16
football,penalties,1114,0.0959026746093579,0.0690162450942913,0.100538599640934,0.0682226211849192,0.0780430131561865,0.719648804117471,-0.0402093051173868,0.96184240234816,1.38956668068994,Q3,0.179892164665493,0,-0.164495979015297,0.164495979015297,-0.403750212734524,-0.0396713615023474,1.61047810158382,-0.0396713615023474,0.985823513203284,-0.163028169014083,0.96184240234816,-1.11022302462516e-16
football,big_chances,1114,1.3733637555832,1.03065694961295,1.08707360861759,0.880610412926391,0.130766593054163,0.750461737047431,-0.0373207855006724,0.964376305483874,1.33251297252587,Q3,0.213250301423268,0,-0.143533306244775,0.143533306244775,-0.38923452599936,-0.0369396202639512,1.60774435312569,-0.0369396202639513,0.989097236170999,-0.142555679836496,0.964376305483874,0
football,corners,1114,9.32674238354941,6.96969550328176,5.8491921005386,4.53321364452424,0.288582422367162,0.747280799304049,-0.278975894591296,0.783672984973207,1.33818505832253,Q3,2.31351582908713e-21,1,-0.145657130900118,0.145657130900118,-1.16753249528309,-0.276042455430805,1.85047045749209,-0.276042455430805,0.95020054404736,-0.144635710983953,0.783672984973207,-1.11022302462516e-16
football,free_kicks,1114,14.8483525045125,13.0850427701991,13.0655296229803,12.713644524237,0.0660103710854863,0.881245428826023,-0.0173454451950408,0.982983715004345,1.13475765920531,Q3,0.563043898661051,0,-0.0632095560084435,0.0632095560084435,-0.264675786520385,-0.0173108513761894,1.5881080428654,-0.0173108513761895,0.997855452864577,-0.0631255068341001,0.982983715004345,0
football,set_pieces,1114,63.2413632910228,65.8520730198519,41.5278276481149,38.6086175942549,0.242194901782405,1.04128168010571,-0.125398763807377,0.888594177355996,1.04128168010571,Q4,2.70153755019742e-05,1,0.0202261695537973,0.0202261695537973,-0.740203401610646,-0.125373117991265,1.69650023446781,-0.125373117991265,0.991903520962876,0.0202234118436679,0.888594177355996,1.11022302462516e-16
football,sp_shots,1114,5.99661258087463,4.14878190021309,3.69479353680431,2.8294434470377,0.256988178325686,0.691854250088635,-0.119605891176275,0.894770266444546,1.44539113530326,Q3,6.28266594688409e-05,1,-0.184189983403719,0.184189983403719,-0.714832804593341,-0.11760530887285,1.6886744370129,-0.11760530887285,0.976215068405901,-0.182134926749879,0.894770266444546,0
football,op_shots,1114,17.3814669460481,14.3572339948479,9.95332136445242,7.93716337522442,0.329370577816217,0.826008186732029,-0.181391603839541,0.84705113434666,1.21064175399561,Q3,1.07336400320143e-09,1,-0.0955752971062097,0.0955752971062097,-0.907388399643481,-0.180566272154645,1.75235848327465,-0.180566272154645,0.978936425461709,-0.0952853412882888,0.84705113434666,0
football,passes,1114,16458.0275292326,13802.3793949747,500.87881508079,459.790843806104,0.184097390585555,0.838641165866262,-0.648614522247431,0.607492097224751,1.19240509612602,Q3,5.49917079537158e-134,1,-0.0879861783259906,0.0879861783259906,-2.21857783245475,-0.646111948728832,2.27327558772204,-0.646111948728832,0.758180428486803,-0.087759828904796,0.607492097224751,0
football,successful_passes,1114,17582.5641859467,14393.5080306029,397.477558348294,358.335727109515,0.177329444880682,0.818623943492114,-0.526309957953207,0.65630323491256,1.22156212012828,Q3,2.17122445558563e-80,1,-0.10006523301655,0.10006523301655,-1.83057939515075,-0.5236859226105,2.1219682025403,-0.523685922610499,0.846053465865234,-0.0997325792156948,0.65630323491256,1.11022302462516e-16
football,op_passes,1114,16494.5761806365,13554.0360744006,450.687612208259,410.797127468582,0.181959686115326,0.821726846811142,-0.602315856563399,0.625224733416656,1.21694940828656,Q3,6.04679330853997e-111,1,-0.0981736211501729,0.0981736211501729,-2.06158179544215,-0.599424889247926,2.21357874078204,-0.599424889247926,0.794426418152325,-0.0978594312868134,0.625224733416656,0
football,successful_op_passes,1114,16632.8455449793,13326.0791914069,360.662477558348,323.37881508079,0.176074067742485,0.801190581333179,-0.499702816104937,0.668159090833742,1.2481424810761,Q3,2.03521409510144e-71,1,-0.110828215479774,0.110828215479774,-1.75328641087008,-0.4966495460717,2.0905306329246,-0.496649546071699,0.86090430308725,-0.110376670146514,0.668159090833742,0
football,passes_inside_box,1114,19.687031507837,14.5475690428605,7.9245960502693,6.33303411131059,0.247995228119543,0.738941726032663,-0.205409750485365,0.831198639952848,1.3532866865821,Q3,4.44897001856661e-12,1,-0.151268108154355,0.151268108154355,-0.971021310468097,-0.203081853041444,1.77530066627451,-0.203081853041444,0.967584779866969,-0.150124797202338,0.831198639952848,0
football,successful_passes_inside_box,1114,4.87071592296686,3.67130501128333,2.745960502693,2.17684021543986,0.185228841221877,0.753750592181336,-0.106225415721332,0.904835678713602,1.32669879184575,Q3,0.000383013487222754,1,-0.141346872647085,0.141346872647085,-0.672898902173314,-0.105173042492856,1.6761642337849,-0.105173042492856,0.984491145929441,-0.140413014779015,0.904835678713602,0
football,passes_into_box,1114,98.7687836423144,75.6359597122952,30.1247755834829,24.5574506283662,0.346241687216687,0.765788105543616,-0.486737225712749,0.674565088756621,1.30584425738778,Q3,2.51989880850007e-67,1,-0.133424886062941,0.133424886062941,-1.71348913251846,-0.482436634607389,2.07423068091428,-0.482436634607389,0.865830156837278,-0.132638731522251,0.674565088756621,0
football,successful_passes_into_box,1114,22.137935706785,16.7174940841145,10.5296229802513,8.36624775583483,0.298743510442675,0.755151442552558,-0.353083507048956,0.740943297156783,1.32423768750253,Q3,4.74577532384434e-34,1,-0.140418481842749,0.140418481842749,-1.35931283369744,-0.349630941851142,1.92797348208972,-0.349630941851142,0.926443290560122,-0.1395028095646,0.740943297156783,1.11022302462516e-16
football,op_passes_into_box,1114,69.5919813337077,48.6282210726505,21.9470377019749,17.7307001795332,0.320180092481394,0.698761842107474,-0.47438395283786,0.681725613357175,1.43110275882265,Q3,1.38219454217041e-63,1,-0.179222653548273,0.179222653548273,-1.67046569084744,-0.466865818749973,2.0565396372673,-0.466865818749973,0.866366587001718,-0.177328069436038,0.681725613357175,0
football,successful_op_passes_into_box,1114,17.5298076752465,12.4780648481065,7.98294434470377,6.22800718132855,0.279355822687867,0.711819837346336,-0.319704392069668,0.760374458592016,1.40484986162791,Q3,6.84871344693353e-28,1,-0.169965218512228,0.169965218512228,-1.26967625171103,-0.315141492063921,1.89140206609034,-0.315141492063921,0.933994134505545,-0.168347250316015,0.760374458592016,0
football,passes_into_final_third,1114,139.122807654277,124.869353696561,53.4497307001795,49.1418312387792,0.238145479158643,0.897547683244465,-0.239875211790144,0.806760444248755,1.11414693466222,Q3,4.81720778384644e-16,1,-0.0540445155339024,0.0540445155339024,-1.07057695716484,-0.239525322701198,1.81267323893141,-0.239525322701198,0.969387687226262,-0.0539919590217414,0.806760444248755,-1.11022302462516e-16
football,successful_passes_into_final_third,1114,116.259208537587,84.7862877273805,29.4991023339318,24.9012567324955,0.262487882819651,0.729286641410165,-0.532713372601124,0.655245582877065,1.37120295809392,Q3,1.13749220845756e-82,1,-0.157844213081044,0.157844213081044,-1.8377246792316,-0.526145350891465,2.12485772589516,-0.526145350891465,0.835861434556669,-0.156546261393125,0.655245582877065,0
football,op_passes_into_final_third,1114,144.379458690424,125.22587794645,47.8671454219031,43.0825852782765,0.241251723360766,0.867338602612142,-0.460026019681861,0.685465019467908,1.15295225761695,Q3,1.98771225672465e-59,1,-0.0711629166662216,0.0711629166662216,-1.6485676914218,-0.458863649637803,2.04751215825313,-0.458863649637803,0.885661921134326,-0.0710430326895633,0.685465019467908,1.11022302462516e-16
football,successful_op_passes_into_final_third,1114,127.790322788781,89.8995105985893,27.2289048473968,22.6903052064632,0.249213207847408,0.703492319580254,-0.531689882722062,0.656351540546359,1.42147962695124,Q3,2.65329475174624e-82,1,-0.175849159964146,0.175849159964146,-1.83025408321645,-0.523573783597097,2.12183657561817,-0.523573783597097,0.834010825844847,-0.174058712805237,0.656351540546359,1.11022302462516e-16
football,passes_in_final_third,1114,3130.48213297717,2035.62793878772,171.253141831239,142.775583482944,0.314625535077183,0.650260200287995,-0.599436374892341,0.630588561737577,1.53784592622631,Q3,1.23409342778683e-109,1,-0.215191344029501,0.215191344029501,-2.01819673988201,-0.585820074573689,2.19668790159055,-0.585820074573689,0.782240676132461,-0.211930094206338,0.630588561737577,0
football,successful_passes_in_final_third,1114,2532.21043050871,1514.101984705,113.516157989228,90.842908438061,0.29029695731295,0.597936872253077,-0.524462862922913,0.663310455816057,1.67241735106904,Q3,9.67319381922873e-80,1,-0.257135047699023,0.257135047699023,-1.78429695685987,-0.507589683279937,2.10318131165536,-0.507589683279937,0.824040750785042,-0.251613899602941,0.663310455816057,1.11022302462516e-16
football,passes_in_middle_third,1114,5730.65238869505,4844.47412576358,233.665170556553,212.411131059246,0.164580614871666,0.845361714020616,-0.579067020332891,0.634103231036991,1.18292558488829,Q3,9.73659583019907e-101,1,-0.0839953396442335,0.0839953396442335,-1.99065624670246,-0.577030286322046,2.1858841923642,-0.577030286322046,0.812412385098487,-0.0837983603997416,0.634103231036991,0
football,successful_passes_in_middle_third,1114,5948.34388837002,4804.52118508052,195.268402154399,174.287253141831,0.16447279396206,0.807707367839666,-0.516303154695064,0.660775298998869,1.23807215312973,Q3,6.37655787341685e-77,1,-0.106777727287581,0.106777727287581,-1.80083482586875,-0.513373761875005,2.1099078818225,-0.513373761875005,0.851546829899471,-0.10637376136279,0.660775298998869,0
football,passes_in_own_third,1114,1838.26012878645,1725.49066201461,149.410233393178,153.745960502693,-0.0664042503926538,0.938654238861023,-0.196356168693938,0.835940186745427,1.06535501423124,Q3,3.82225351634552e-11,1,-0.0316540451548618,0.0316540451548618,-0.951939138587195,-0.196257837409765,1.76833639726319,-0.196257837409765,0.98004160708009,-0.0316434771653857,0.835940186745427,-1.11022302462516e-16
football,successful_passes_in_own_third,1114,1890.67465452358,1855.50969285787,118.1921005386,118.106822262118,0.00131036913090524,0.981400839334481,-0.130583353599425,0.884503637473288,1.01895164536249,Q3,1.22958891077297e-05,1,-0.00938715004235873,0.00938715004235873,-0.756887585019762,-0.130577600400428,1.70174787265102,-0.130577600400428,0.991393653834883,-0.00938687432461456,0.884503637473288,-1.11022302462516e-16
football,forward_passes,1114,287.243112651042,303.427655212351,116.566427289048,114.052064631957,0.11753685096838,1.05634440600485,0.225333406517784,1.2907369542934,1.05634440600485,Q1,2.73010607417974e-14,1,0.0274071370806815,0.0274071370806815,1.03199207659657,0.225248803271898,1.34359793230298,0.225248803271898,0.973915910874044,0.0274002768409412,1.2907369542934,2.22044604925031e-16
football,sideways_passes,1114,11713.4145184784,9543.06162118653,332.881508078995,298.433572710952,0.187606962075081,0.814712192258882,-0.589203603556241,0.630467604834774,1.22742731666674,Q3,4.36539056046101e-105,1,-0.102460183220979,0.102460183220979,-2.01915670134201,-0.586124318412949,2.19706335777412,-0.586124318412948,0.803761925424305,-0.102103137087804,0.630467604834774,0
football,backward_passes,1114,296.676709557845,258.01098814242,51.4308797127469,47.3052064631957,0.15378946477953,0.869670519559656,-0.298167296246297,0.770747361183746,1.14986075474461,Q3,2.61911281667673e-24,1,-0.0698204261066322,0.0698204261066322,-1.223570146836,-0.297442002868693,1.87280859769805,-0.297442002868693,0.952191767671072,-0.0697071912280243,0.770747361183746,1.11022302462516e-16
football,forward_passes_in_final_third,1114,131.072198806015,114.516653197643,46.3913824057451,42.189407540395,0.263059770077704,0.873691402454656,-0.0390261718566084,0.962521902542331,1.14456889147642,Q3,0.193054545835354,0,-0.0675140260563076,0.0675140260563076,-0.399896553939445,-0.0389373970178515,1.6097435694983,-0.0389373970178514,0.996965170316035,-0.0674116331963055,0.962521902542331,0
football,sideways_passes_in_final_third,1114,1846.50484239629,1141.29032682142,107.920107719928,86.8447037701975,0.3079242583325,0.618081415557145,-0.584393147766732,0.637803376371611,1.617909833284,Q3,5.28105272527279e-103,1,-0.240567544908859,0.240567544908859,-1.96237270076113,-0.567881320555065,2.17472589788583,-0.567881320555065,0.788542845912625,-0.236031747704951,0.637803376371611,-1.11022302462516e-16
football,backward_passes_in_final_third,1114,74.2059365326701,50.1990512000336,16.9416517055655,13.7414721723519,0.248493517921178,0.67648295467483,-0.339537330821286,0.750100119926051,1.47823384623294,Q3,1.85132295772062e-31,1,-0.195424014015221,0.195424014015221,-1.31649552450188,-0.333155366111108,1.91044447980178,-0.333155366111108,0.922913143282249,-0.192973656202737,0.750100119926051,0
football,deep_completions,1114,7.52640735166734,6.19731313141089,3.99012567324955,3.16786355475763,0.20499760051324,0.823409209978248,-0.173147329967635,0.852999651497099,1.21446297646636,Q3,6.00660102352085e-09,1,-0.0971509922030908,0.0971509922030908,-0.883588547022221,-0.172333421525907,1.74399437032346,-0.172333421525907,0.980266263995974,-0.0968464944979949,0.852999651497099,0
football,long_balls,1114,153.945739997839,140.212943651089,67.165170556553,65.2396768402154,0.128196451343147,0.910794567313509,0.233333587240065,1.30391556320592,1.09794242948727,Q2,3.06377673507404e-15,1,-0.0467189547758837,0.0467189547758837,1.05321281420248,0.233079174589104,1.33555345536743,0.233079174589104,0.971336506942376,-0.0466849938828899,1.30391556320592,-2.22044604925031e-16
football,successful_long_balls,1114,74.6675280389586,65.1691015757951,32.2010771992819,29.2692998204668,0.23086594581945,0.872790398816906,-0.153598947054151,0.867119038538231,1.14575045893668,Q3,2.58467380467704e-07,1,-0.0680299224813535,0.0680299224813535,-0.827056042506646,-0.153244197804464,1.72464674534576,-0.153244197804464,0.985851098028843,-0.0679251673136813,0.86711903853823,1.11022302462516e-16
football,goalkeeper_long_balls,1114,69.735800664902,69.8037176118372,16.7253141831239,18.8985637342908,-0.165137977523015,1.00097391793437,-0.241160841090689,0.805697368067314,1.00097391793437,Q4,3.3269034574061e-16,1,0.000486721991999811,0.000486721991999811,-1.0749684792585,-0.241160812525395,1.81435811608958,-0.241160812525395,0.970485046563743,0.000486721953565277,0.805697368067314,1.11022302462516e-16
football,goalkeeper_passes,1114,104.116389301563,92.1279420138368,36.7728904847397,38.3725314183124,-0.115788873285746,0.884855329999944,0.0274961972939264,1.02821931733656,1.13012824367579,Q2,0.359208834147113,0,-0.0611655581316627,0.0611655581316627,0.334411710313579,0.0274448426135982,1.54334803768173,0.0274448426135982,0.997754913065991,-0.0610893940597866,1.02821931733656,0
football,crosses,1114,30.2144115327104,21.0272598521472,12.8788150807899,9.96140035906643,0.347476967498194,0.695934780307832,-0.381879267913184,0.72690723600403,1.43691625752297,Q3,5.40438799761412e-40,1,-0.181249664746353,0.181249664746353,-1.42722347360707,-0.375691354370361,1.95593899152173,-0.375691354370361,0.909236424312085,-0.179290632648607,0.72690723600403,0
football,successful_crosses,1114,5.00687968693795,3.57817921382841,3.6983842010772,2.7935368043088,0.280766717862971,0.714652525636524,-0.212774207495085,0.826578009315917,1.39928141876967,Q3,7.17593382493279e-13,1,-0.167979416272255,0.167979416272255,-0.989674178619418,-0.209807167296415,1.78217406005491,-0.209807167296415,0.963476157730415,-0.166417084567934,0.826578009315917,-1.11022302462516e-16
football,dribbles,1114,23.6986293856996,24.6613693883773,13.2567324955117,12.4811490125673,0.113435673898051,1.04062429041819,0.0333515883382322,1.03449522115652,1.04062429041819,Q1,0.266042017015053,0,0.0199104061530096,0.0199104061530096,0.369354682002061,0.0333449787404055,1.53744516564919,0.0333449787404054,0.999245611881398,0.0199077755807086,1.03449522115652,0
football,successful_dribbles,1114,9.73021948862876,10.103709869165,6.72172351885099,6.21723518850987,0.115815691260019,1.03838457919399,0.0433453409672084,1.04530088943357,1.03838457919399,Q1,0.14823972846875,0,0.0188331081561718,0.0188331081561718,0.42252996768667,0.0433376551110755,1.52744509441914,0.0433376551110755,0.99888299892324,0.0188308818589927,1.04530088943357,0
football,carries,1114,15264.390947687,12246.3064331928,395.250448833034,357.25763016158,0.186992771206029,0.802279401462037,-0.503594217906667,0.666420281316766,1.24644855417906,Q3,1.11042031706115e-72,1,-0.110149175455396,0.110149175455396,-1.76431617601672,-0.500554571994898,2.09503558543795,-0.500554571994898,0.858725652544947,-0.109705852698293,0.666420281316767,-1.11022302462516e-16
football,carries_into_final_third,1114,34.1543985637344,27.4525285470714,14.475763016158,12.1508078994614,0.256528680049884,0.80377724982752,-0.335289410103272,0.750018979912478,1.2441257826277,Q3,1.13238532615131e-30,1,-0.109216550321313,0.109216550321313,-1.31687023468251,-0.33329959212058,1.91059744851491,-0.33329959212058,0.936524076218939,-0.108784358041573,0.750018979912477,1.11022302462516e-16
football,carries_into_box,1114,12.2248318791627,9.73830090282783,6.16068222621185,5.08078994614004,0.217227683531384,0.79659998592102,-0.126027167072362,0.888717549344173,1.25533519667818,Q3,2.45964892614472e-05,1,-0.113701312954216,0.113701312954216,-0.739698832248653,-0.125216893419003,1.69634276899341,-0.125216893419003,0.985648696119538,-0.113213857103927,0.888717549344173,1.11022302462516e-16
football,progressive_carries,1114,61.2613845511103,52.6140519823661,19.8958707360862,16.5996409335727,0.276457609875915,0.858845296558229,-0.249102147005183,0.801036285750569,1.16435405073235,Q3,3.2220296584573e-17,1,-0.0760832351777926,0.0760832351777926,-1.09429767357272,-0.248382898239125,1.82180680559291,-0.248382898239125,0.965680870254931,-0.0759367676821347,0.80103628575057,-1.11022302462516e-16
football,deep_progressions,1114,218.99487531878,161.867906784678,43.9748653500898,37.0520646319569,0.283693582193265,0.739140158184316,-0.56994134235438,0.639593288233974,1.35292337850575,Q3,5.95301098198032e-97,1,-0.151133858384459,0.151133858384459,-1.94894030817823,-0.563493580054866,2.16940495685831,-0.563493580054866,0.812389631928326,-0.149993570436568,0.639593288233974,0
football,box_entries,1114,44.1672554323718,35.1692499770139,16.6903052064632,13.4470377019749,0.312066589955838,0.796274290370262,-0.363785455392565,0.734517379359709,1.25584865930433,Q3,3.45008166311609e-36,1,-0.113905783300774,0.113905783300774,-1.39004008260967,-0.361438174372017,1.94060621002994,-0.361438174372017,0.925472487244279,-0.113415702001583,0.734517379359709,0
football,tackles,1114,47.4676686975052,50.6489109447512,23.8240574506284,24.8393177737881,-0.105992838830457,1.06701913817422,0.0649312907007445,1.06940108475313,1.06701913817422,Q1,0.0302316298552501,1,0.0324344542959766,0.0324344542959766,0.520970172785529,0.064897152006493,1.50585353432529,0.0648971520064929,0.997365080194005,0.0324230854647114,1.06940108475313,0
football,successful_tackles,1114,26.082888532941,29.4201262700805,16.9281867145422,17.4587073608618,-0.0759165153602611,1.12794739865275,0.120353901076867,1.13653947446891,1.12794739865275,Q1,5.64581066793984e-05,1,0.0601997597942498,0.0601997597942498,0.723163721191172,0.120136147961522,1.45036930432065,0.120136147961522,0.990934928521784,0.0601271435251441,1.13653947446891,0
football,ball_recoveries,1114,82.3434617165181,76.3451876872155,50.1687612208258,47.1579892280072,0.26470705179587,0.927155430385563,0.18490458804013,1.2266513782459,1.07856780775597,Q2,5.02700749067392e-10,1,-0.0378170285762702,0.0378170285762702,0.919429407012965,0.18477244819959,1.38495600809283,0.18477244819959,0.982054162020549,-0.0377990111570103,1.2266513782459,-2.22044604925031e-16
football,regains,1114,119.809408475968,114.867463194078,71.318671454219,68.6373429084381,0.223608827380954,0.958751609370636,0.38738025378103,1.63210507433306,1.04302302100587,Q2,3.36795173489701e-41,1,-0.0210616238443196,0.0210616238443196,1.45759713733067,0.387294350268081,1.17310123333614,0.387294350268081,0.921715588129588,-0.0210585101408632,1.63210507433306,0
football,regains_opposition_half,1114,74.7880080523791,56.6702291024468,30.302513464991,25.1499102333932,0.390716655865895,0.75774486549711,-0.326056408081485,0.755889393311777,1.31970541211647,Q3,5.2655491671397e-29,1,-0.13870426952626,0.13870426952626,-1.28996459058803,-0.322944876390846,1.89963577194948,-0.322944876390846,0.936328908657124,-0.137821557188493,0.755889393311777,0
football,tackle_interceptions_opposition_half,1114,10.3472362692579,7.6697524441842,6.61220825852783,5.66965888689408,0.211291129449196,0.741236813831283,-0.105667631893866,0.905391721684455,1.3490965118573,Q3,0.000411237270617508,1,-0.149717558963097,0.149717558963097,-0.670557109297163,-0.104494304564138,1.67548173511734,-0.104494304564138,0.983359726884506,-0.148608841780317,0.905391721684455,0
football,blocks,1114,32.6039582799008,36.8921276379526,20.0780969479354,21.8357271095153,-0.218400662996798,1.1315229678936,0.0681925359388213,1.07303344117596,1.1315229678936,Q1,0.0228380907024433,1,0.0617822422549627,0.0617822422549627,0.53412224155706,0.0680625956036552,1.50268107115275,0.0680625956036553,0.99577112323954,0.0617037535483734,1.07303344117596,-2.22044604925031e-16
football,pressures,1114,1577.28918800337,1663.24370544939,166.824955116697,170.703770197487,-0.0672213383986553,1.0544950907543,-0.0274755416154927,0.973268334087898,1.0544950907543,Q4,0.359570053659783,0,0.0265310327029925,0.0265310327029925,-0.334542223678243,-0.0274658744930336,1.59826565571886,-0.0274658744930336,0.999270764219142,0.0265248094286218,0.973268334087898,0
football,pressures_opposition_half,1114,641.512496350459,641.80062699515,85.6723518850987,78.7549371633752,0.187972896762951,1.00044914268441,-0.0552722659987057,0.947622744897748,1.00044914268441,Q4,0.065162566472971,0,0.0002245209250107,0.0002245209250107,-0.479163257441932,-0.0552722646055781,1.62609677316964,-0.0552722646055781,0.998471294707929,0.000224520921238027,0.947622744897747,1.11022302462516e-16
football,counterpressures,1114,77.3583655541414,75.0229433123475,32.4228007181329,31.1858168761221,0.116458082910906,0.969810346624252,0.259646401208996,1.35065030004214,1.03112944039093,Q2,1.27530088840323e-18,1,-0.0153273727725497,0.0153273727725497,1.12417647708007,0.259615905043073,1.30817187758653,0.259615905043073,0.965590332533358,-0.0153261726071677,1.35065030004214,0
football,counterpressures_opposition_half,1114,52.9690599589316,47.5272969524519,23.0359066427289,20.8797127468582,0.221997107945947,0.897265252381318,0.0613817230720364,1.06529362348831,1.11449763305336,Q2,0.0405259877612316,1,-0.0542018750335316,0.0542018750335316,0.505648254438353,0.061291668370737,1.5094662179906,0.0612916683707369,0.996650005024554,-0.0541488584633786,1.06529362348831,0
football,fouls,1114,13.9343235888577,16.1245545947114,12.4174147217235,13.2289048473968,-0.144679632605786,1.15718244175162,-0.0467198173217799,0.955478862051575,1.15718244175162,Q4,0.119126407921618,0,0.0729940604795589,0.0729940604795589,-0.438619779701407,-0.0465956283458023,1.61740883267202,-0.0465956283458022,0.996252770921647,0.0728646954978853,0.955478862051575,0
