kpi,n,acc_abs,acc_rel,acc_improvement,auc_abs,auc_rel,auc_improvement,sport,kappa,rho,eta,quadrant,tau,abs_tau,psi,cos_sigma,sigma,sphere_x,sphere_y,sphere_z,eta_from_sigma,eta_sigma_residual,delta_ml_pred,residual
final_points,283,0.759717314487632,1,31.6279069767442,0.831005431770314,1,20.3361568732075,rugby,0.556934283461425,-0.0884903955416105,0.921802028717704,Q3,-0.292654014514498,0.292654014514498,-0.599882187792831,-0.0848316328735735,1.65573003772743,-0.0848316328735735,0.954892792762823,-0.284575734021051,0.921802028717705,-1.11022302462516e-16,-0.0177540971586298,33.4033166926072
carries,283,0.657243816254417,0.657243816254417,0,0.511528655359716,0.448786165613568,-12.2656842561491,rugby,0.828765406817146,-0.119311757271544,0.893824721307278,Q3,-0.0939090736134679,0.0939090736134679,-0.718732632884706,-0.118787583473227,1.68986505766104,-0.118787583473227,0.98849490985697,-0.0936339852801991,0.893824721307278,-1.11022302462516e-16,-0.0238417013214095,2.38417013214095
metres_made,283,0.660777385159011,0.671378091872792,1.6042780748663,0.658408158740716,0.692439862542955,5.16878525128377,rugby,0.579399147410407,-0.00806149624447688,0.992289525849996,Q3,-0.272881832576136,0.272881832576136,-0.176758382789899,-0.00777038752212872,1.57856679251375,-0.00777038752212878,0.963857675113229,-0.266304343192291,0.992289525849996,-1.11022302462516e-16,-0.00179895977546693,1.784174052413
defenders_beaten,283,0.657243816254417,0.65017667844523,-1.07526881720431,0.517736392861102,0.552377785167941,6.690932448346,rugby,0.844205259272333,-0.0433957347984566,0.958551642210784,Q3,-0.0846798078820491,0.0846798078820491,-0.42204243551414,-0.0432406100662661,1.61405042306907,-0.0432406100662661,0.995486674954656,-0.0844779831010455,0.958551642210784,0,-0.0095460167163318,-0.120667145571129
clean_breaks,283,0.657243816254417,0.706713780918728,7.52688172043011,0.677918190887928,0.746147877175479,10.0645899762897,rugby,0.780793410519713,0.0425601536230389,1.04409906898945,Q2,-0.123722341657363,0.123722341657363,0.416968361378052,0.0422364795633149,1.5285472793884,0.042236479563315,0.991495700956876,-0.12309490151152,1.04409906898945,0,0.0104922629253616,6.47765542789395
offloads,283,0.660777385159011,0.643109540636042,-2.67379679144385,0.556645604700144,0.501829065513801,-9.84765508314249,rugby,0.694872192849492,0.128551987818191,1.1447562513383,Q2,-0.182013672754362,0.182013672754362,0.743680537833649,0.126451592790228,1.44400529222606,0.126451592790228,0.975499462299215,-0.180029980099865,1.1447562513383,0,0.0357379019479967,-6.24758698624352
passes,283,0.657243816254417,0.657243816254417,0,0.486365147988028,0.396131249307172,-18.5527065527066,rugby,0.842536695061463,-0.14289920552267,0.875368206324748,Q3,-0.0856690313675075,0.0856690313675075,-0.793880783275955,-0.142376422601091,1.71365821075889,-0.142376422601091,0.986116388490958,-0.085460064573251,0.875368206324748,1.11022302462516e-16,-0.0277813952444796,2.77813952444796
turnovers_conceded,283,0.636042402826855,0.639575971731449,0.55555555555556,0.500554262276909,0.551989801574105,10.2757169748644,rugby,0.927600270153429,0.0936757567858942,1.10327742273993,Q2,-0.0375771911808301,0.0375771911808301,0.632157367361341,0.0936096584696254,1.47704941311333,0.0936096584696253,0.994900253658264,-0.0375595142663102,1.10327742273993,0,0.025116211039399,-1.95606554838434
turnovers_won,283,0.657243816254417,0.657243816254417,0,0.480877951446625,0.577984702361157,20.1936376210235,rugby,0.985435794446753,0.1590870396334,1.18917766417384,Q2,-0.00733565237166775,0.00733565237166775,0.844565546030847,0.159082759349732,1.41103481568185,0.159082759349732,0.987237998565883,-0.00733552079295765,1.18917766417384,0,0.0474527222040616,-4.74527222040616
kicks_from_hand,283,0.653710247349823,0.667844522968198,2.16216216216216,0.478938033477442,0.671655027158852,40.2383983335262,rugby,1.12685656480793,0.607283070019013,2.5393722778852,Q1,0.0597159776350896,0.0597159776350896,2.08355838826841,0.606201891424598,0.919520105859672,0.606201891424598,0.793071074564129,0.0596450963863577,2.5393722778852,0,0.571113476908145,-54.9491855286524
kick_metres,283,0.657243816254417,0.685512367491166,4.3010752688172,0.464527214277796,0.700642944241215,50.8292566519508,rugby,1.05930311126294,0.648626981661871,2.84380113165015,Q1,0.0288056248546521,0.0288056248546521,2.22649188203745,0.648357971002094,0.865370650231081,0.648357971002094,0.760790796608769,0.0287976602077619,2.84380113165015,4.44089209850063e-16,0.734014097369756,-69.1003344681584
scrums_won,283,0.643109540636042,0.653710247349823,1.64835164835164,0.532535195654584,0.555758785057089,4.3609492089925,rugby,0.970278907175971,-0.130650058051742,0.884458582711105,Q3,-0.015085857821672,0.015085857821672,-0.757070886054192,-0.130635192588362,1.70180596241854,-0.130635192588362,0.991315740758772,-0.0150847134970492,0.884458582711105,-1.11022302462516e-16,-0.0258485577448892,4.23320742284056
rucks_won,283,0.657243816254417,0.646643109540636,-1.61290322580645,0.390200642944241,0.4565458374903,17.0028409090909,rugby,0.820468178527418,0.818178267756076,5.38183896817112,Q2,-0.0989400761148835,0.0989400761148835,2.96918348542162,0.814189906848918,0.619463772188178,0.814189906848918,0.572161855741648,-0.0986184892381949,5.38183896817112,8.88178419700125e-16,2.73419595267752,-275.032498493559
lineout_throws_lost,283,0.657243816254417,0.657243816254417,0,0.413756789712892,0.501053098326128,21.0984594775619,rugby,1.24678102760294,0.0262557398164393,1.02679617734608,Q1,0.110282525961214,0.110282525961214,0.325945977328119,0.0260968807025896,1.54469648298293,0.0260968807025896,0.993606891705687,0.109837596352784,1.02679617734608,0,0.0063342106246939,-0.63342106246939
lineout_throws_won,283,0.657243816254417,0.653710247349823,-0.537634408602154,0.502217049107638,0.582917636625651,16.0688665710187,rugby,0.918267037086238,-0.223808154256659,0.817257263595814,Q3,-0.0426335202949027,0.0426335202949027,-1.02751788884748,-0.223604909426126,1.79630779531406,-0.223604909426126,0.973748133579342,-0.0426077085898897,0.817257263595814,0,-0.0397896535325239,3.44133094465024
tackles,283,0.657243816254417,0.657243816254417,0,0.43476333000776,0.408435871854562,-6.05558388577254,rugby,1.01687421761348,-0.158395622736632,0.8632670619467,Q4,0.00836671479400925,0.00836671479400925,-0.842498915835368,-0.158390078899758,1.729856262161,-0.158390078899758,0.987341169128686,0.00836651957078567,0.8632670619467,-1.11022302462516e-16,-0.0303315727294391,3.03315727294391
missed_tackles,283,0.643109540636042,0.65017667844523,1.09890109890109,0.532368916971511,0.552488637623323,3.77928162415407,rugby,1.18345357478382,-0.0432363469782904,0.958696050776876,Q4,0.084218461075194,0.084218461075194,-0.421251925635161,-0.0430834665373382,1.61389313295897,-0.0430834665373382,0.995532254367137,0.0840199108891004,0.958696050776876,0,-0.00951328867450401,2.05022996635149
penalties_conceded,283,0.674911660777385,0.710247349823322,5.23560209424084,0.643443077264161,0.667331781398958,3.71263674735118,rugby,0.995586667992131,-0.071918868827419,0.932906578246298,Q3,-0.00221154975315584,0.00221154975315584,-0.549796188455399,-0.0719186929518986,1.64277716198395,-0.0719186929518987,0.997408046221669,-0.00221154614763477,0.932906578246298,0,-0.015299224765773,6.76552457081815
scrum_pens_conceded,283,0.657243816254417,0.713780918727915,8.6021505376344,0.667664338765104,0.712615009422459,6.73252531960815,rugby,0.989291932185054,-0.126076166862636,0.888040837269668,Q3,-0.00538290588022652,0.00538290588022652,-0.742465433790538,-0.126074340313625,1.69720706530162,-0.126074340313624,0.99200619231862,-0.00538285388971737,0.888040837269668,1.11022302462516e-16,-0.0250828420622821,11.1104347438626
lineout_pens_conceded,283,0.657243816254417,0.657243816254417,0,0.397516904999446,0.368861545283228,-7.20858895705522,rugby,1.33175059352743,0.00254450668307087,1.00252498119695,Q1,0.14324715624484,0.14324715624484,0.100456137244333,0.00251862172445205,1.56827770240764,0.00251862172445212,0.98982391666313,0.142275333583409,1.00252498119695,0,0.000591413022259961,-0.0591413022259961
general_play_pens_conceded,283,0.636042402826855,0.646643109540636,1.66666666666668,0.590289324908547,0.591453275690057,0.197183098591543,rugby,1.34452500897858,0.0693627485928981,1.07366380996408,Q1,0.148020398752378,0.148020398752378,0.536368860217628,0.0686097540779995,1.50213263061013,0.0686097540779996,0.986761758392985,0.146948745549392,1.07366380996408,0,0.0177202772955554,-0.105361062888863
free_kicks_conceded,283,0.65017667844523,0.657243816254417,1.08695652173914,0.43359937922625,0.395244429664117,-8.84571136392687,rugby,0.935898425439951,0.0891783393694309,1.0978508272783,Q2,-0.03312416411118,0.03312416411118,0.615844117092692,0.0891294380320156,1.48154845667985,0.0891294380320155,0.995469504861666,-0.0331120547016724,1.0978508272783,-2.22044604925031e-16,0.023749249394637,-1.28796841772456
ruck_maul_tackle_pen_con,283,0.657243816254417,0.657243816254417,0,0.377729741713779,0.394579314931826,4.46074834922965,rugby,1.09433606126384,0.0136614367449129,1.01383640410132,Q1,0.0450739213133228,0.0450739213133228,0.234717323722989,0.0136475707967735,1.55714833230519,0.0136475707967736,0.998891802960312,0.0450434211627474,1.01383640410132,-2.22044604925031e-16,0.0032547572606911,-0.32547572606911
red_cards,283,0.678445229681979,0.65017667844523,-4.16666666666668,0.45710009976721,0.457543509588737,0.0970049715047955,rugby,1.05852059925094,0.0668908060595594,1.07165488666829,Q1,0.0284361360989423,0.0284361360989423,0.529172753647083,0.066863770752786,1.50388263351903,0.0668637707527859,0.997357036386194,0.028428473959518,1.07165488666829,2.22044604925031e-16,0.0172242071081069,-5.88908737747737
goals,1114,0.808797127468582,1,23.6403995560488,0.86637437179387,1,15.423543511502,football,0.717814766605372,-0.0552891546399032,0.948282497666246,Q3,-0.165771864223557,0.165771864223557,-0.475847915993402,-0.0545380753741971,1.62536147477797,-0.0545380753741971,0.984906596263446,-0.164269884553538,0.948282497666246,0,-0.0118638472418582,24.8267842802347
np_goals,1114,0.791741472172352,0.964093357271095,21.7687074829932,0.846008124365284,0.977104653282296,15.495894795971,football,0.704483237941323,-0.060903990735623,0.943412566065132,Q3,-0.175145370385284,0.175145370385284,-0.499984753532428,-0.0599816410871943,1.630813993202,-0.0599816410871943,0.983027420354172,-0.1733761620417,0.943412566065132,0,-0.0129564692872984,23.064354411723
xg,1114,0.657091561938959,0.684021543985637,4.0983606557377,0.697549670598651,0.731948024893889,4.93131252799764,football,0.78807267155158,-0.151711348995017,0.869080054250627,Q3,-0.119082485297662,0.119082485297662,-0.819184126287203,-0.150641986441927,1.72201396460237,-0.150641986441927,0.981457765055084,-0.11852277137289,0.869080054250627,0,-0.0291098044399965,7.00934109973736
np_xg,1114,0.636445242369838,0.670556552962298,5.35966149506346,0.676734239512538,0.718313022420123,6.14403416879501,football,0.809999234250095,-0.158344295943385,0.863953682138998,Q3,-0.105360988343176,0.105360988343176,-0.839747849795968,-0.157469457765577,1.72892394068008,-0.157469457765577,0.981928751014239,-0.10497284316732,0.863953682138998,0,-0.0301875729257597,8.37841878763943
penalty_xg,1114,0.591561938958707,0.591561938958707,0,0.519519959378174,0.535648256646616,3.1044615278587,football,0.719648804117472,-0.0402093051173868,0.96184240234816,Q3,-0.164495979015296,0.164495979015296,-0.403750212734524,-0.0396713615023474,1.61047810158382,-0.0396713615023475,0.985823513203284,-0.163028169014082,0.96184240234816,0,-0.00879929364951878,0.879929364951878
np_shots,1114,0.552962298025135,0.566427289048474,2.43506493506493,0.566388042600839,0.572950029945577,1.15856742218748,football,0.816573615335117,-0.285036971620823,0.779070931770036,Q3,-0.101319105504577,0.101319105504577,-1.18731902085845,-0.283580171227821,1.85832182015937,-0.283580171227821,0.953617624279709,-0.100973824080917,0.779070931770036,0,-0.0473533428319942,7.17039921826436
own_goals,1114,0.549371633752244,0.559245960502693,1.79738562091504,0.484242767492123,0.4960419758873,2.43663079498021,football,0.996319549686085,-0.0268590269567468,0.973843554178695,Q3,-0.00184361991764396,0.00184361991764396,-0.330756977169181,-0.0268589813107761,1.59765853852116,-0.0268589813107761,0.999637532406746,-0.00184361782886575,0.973843554178695,1.11022302462516e-16,-0.0060597181126232,2.40335743217736
penalty_goals,1114,0.59605026929982,0.595152603231598,-0.150602409638553,0.51660026560425,0.53127685337083,2.84099500982913,football,0.631959847135876,-0.016622501594992,0.984063795052116,Q3,-0.229464709933221,0.229464709933221,-0.255900892706477,-0.0161942803180153,1.58699131503419,-0.0161942803180153,0.974103853735955,-0.225520348132365,0.984063795052116,0,-0.0037064692839003,0.220044518751477
shots,1114,0.5754039497307,0.566427289048474,-1.56006240249611,0.573880946801031,0.578782907585345,0.85417730134424,football,0.813814009388614,-0.284782030016349,0.779254553103234,Q3,-0.103011714390961,0.103011714390961,-1.18652618106434,-0.283277712036059,1.8580064277451,-0.283277712036059,0.95352868006766,-0.102648887729202,0.779254553103234,0,-0.0473175934168601,3.1716969391899
shots_inside_box,1114,0.562836624775583,0.580789946140036,3.18979266347687,0.589823711689191,0.596294560320808,1.09708180654277,football,0.80760737936891,-0.226871082978975,0.81593862369428,Q3,-0.106839627589709,0.106839627589709,-1.03289913336085,-0.225582379557368,1.79833710972775,-0.225582379557368,0.968392580075325,-0.106434960836606,0.81593862369428,0,-0.040055167523506,7.19530941582746
shots_outside_box,1114,0.540394973070018,0.53770197486535,-0.498338870431889,0.458398432414134,0.462343436710674,0.860605974536866,football,0.755105072608852,-0.132041989426926,0.884368562884764,Q3,-0.140449185198937,0.140449185198937,-0.75743709449421,-0.130750279881108,1.70192204536392,-0.130750279881108,0.981547212245286,-0.139532915272775,0.884368562884764,1.11022302462516e-16,-0.0258677702817744,2.08843815774555
penalties,1114,0.591561938958707,0.591561938958707,0,0.519519959378174,0.535648256646616,3.1044615278587,football,0.719648804117471,-0.0402093051173868,0.96184240234816,Q3,-0.164495979015297,0.164495979015297,-0.403750212734524,-0.0396713615023474,1.61047810158382,-0.0396713615023474,0.985823513203284,-0.163028169014083,0.96184240234816,-1.11022302462516e-16,-0.0087992936495188,0.87992936495188
big_chances,1114,0.654398563734291,0.671454219030521,2.60631001371742,0.662965783923131,0.723127099445356,9.0745732255166,football,0.750461737047431,-0.0373207855006724,0.964376305483874,Q3,-0.143533306244775,0.143533306244775,-0.38923452599936,-0.0369396202639512,1.60774435312569,-0.0369396202639513,0.989097236170999,-0.142555679836496,0.964376305483874,0,-0.00822299927939652,3.42860994165707
corners,1114,0.531418312387792,0.531418312387792,0,0.511743874176497,0.498440877014817,-2.59954204299707,football,0.747280799304049,-0.278975894591296,0.783672984973207,Q3,-0.145657130900118,0.145657130900118,-1.16753249528309,-0.276042455430805,1.85047045749209,-0.276042455430805,0.95020054404736,-0.144635710983953,0.783672984973207,-1.11022302462516e-16,-0.0464555549249637,4.64555549249637
free_kicks,1114,0.549371633752244,0.549371633752244,0,0.452233549462282,0.444991276723173,-1.60144525936216,football,0.881245428826023,-0.0173454451950408,0.982983715004345,Q3,-0.0632095560084435,0.0632095560084435,-0.264675786520385,-0.0173108513761894,1.5881080428654,-0.0173108513761895,0.997855452864577,-0.0631255068341001,0.982983715004345,0,-0.00395604038698347,0.395604038698347
set_pieces,1114,0.560143626570916,0.552962298025135,-1.28205128205129,0.585572741712887,0.562592766190141,-3.92435881757847,football,1.04128168010571,-0.125398763807377,0.888594177355996,Q4,0.0202261695537973,0.0202261695537973,-0.740203401610646,-0.125373117991265,1.69650023446781,-0.125373117991265,0.991903520962876,0.0202234118436679,0.888594177355996,1.11022302462516e-16,-0.0249643605973071,1.21438477767942
sp_goals,1114,0.629263913824057,0.636445242369838,1.14122681883025,0.579329739864073,0.635292164674635,9.65985706580367,football,0.791265374979542,-0.0364510835839528,0.96506209600293,Q3,-0.117060937229385,0.117060937229385,-0.385235025231894,-0.036202752280682,1.60700699186815,-0.036202752280682,0.992527238306251,-0.116529146343178,0.96506209600293,0,-0.00806683105023629,1.94790992385388
sp_xg,1114,0.547576301615799,0.543985637342908,-0.655737704918047,0.493398953206781,0.495150118480327,0.354918724931383,football,0.847100829991018,-0.07927303880796,0.926783221683414,Q3,-0.0829677738711168,0.0829677738711168,-0.577689384543393,-0.0790009752049613,1.64987970986421,-0.0790009752049612,0.993431759812723,-0.0827779228542306,0.926783221683414,1.11022302462516e-16,-0.0166556241262727,1.00982470770922
sp_shots,1114,0.549371633752244,0.547576301615799,-0.326797385620912,0.474569044085098,0.482208421217092,1.60975040981076,football,0.691854250088635,-0.119605891176275,0.894770266444546,Q3,-0.184189983403719,0.184189983403719,-0.714832804593341,-0.11760530887285,1.6886744370129,-0.11760530887285,0.976215068405901,-0.182134926749879,0.894770266444546,0,-0.0236382342346266,2.03702603784175
shots_on_target,1114,0.644524236983842,0.696588868940754,8.07799442896936,0.705081634247324,0.751822774262427,6.62918132380504,football,0.782524936395718,-0.0701789186802245,0.934881174145851,Q3,-0.122614744738614,0.122614744738614,-0.540638092971954,-0.0696546552171667,1.6405074300813,-0.0696546552171666,0.990082455089119,-0.122003938999035,0.934881174145851,-1.11022302462516e-16,-0.0148604041780955,9.56403484677891
np_shots_on_target,1114,0.636445242369838,0.691202872531418,8.60366713681241,0.693679530245033,0.742201130120043,6.99481500598271,football,0.784181699804032,-0.0685316932302665,0.936304625181953,Q3,-0.121557262764898,0.121557262764898,-0.533981884140506,-0.0680284739655848,1.63887738152867,-0.0680284739655847,0.990323334020905,-0.120962063572153,0.936304625181953,0,-0.0145436357386072,10.0580307106731
op_goals,1114,0.75673249551167,0.858168761220826,13.4045077105575,0.803664427258287,0.906358227221832,12.778194042243,football,0.714202045864814,-0.0689955700994052,0.936303387872139,Q3,-0.168294689635703,0.168294689635703,-0.533987690377547,-0.0680298853479734,1.63887879618836,-0.0680298853479734,0.983653990189912,-0.166723610454566,0.936303387872139,0,-0.0145439112406249,14.85889883462
op_xg,1114,0.646319569120287,0.694793536804309,7.5,0.689975392547457,0.739834778532927,7.22625567868212,football,0.803931692872611,-0.120970871334064,0.892654533928953,Q3,-0.109120486263034,0.109120486263034,-0.723550784160673,-0.120254210325437,1.69134227380268,-0.120254210325437,0.986775320295877,-0.108689429817138,0.892654533928953,-1.11022302462516e-16,-0.0240932876919701,9.90932876919702
op_shots,1114,0.576301615798923,0.574506283662478,-0.311526479750776,0.592115199333385,0.600988204046559,1.49852676019174,football,0.826008186732029,-0.181391603839541,0.84705113434666,Q3,-0.0955752971062097,0.0955752971062097,-0.907388399643481,-0.180566272154645,1.75235848327465,-0.180566272154645,0.978936425461709,-0.0952853412882888,0.84705113434666,0,-0.0337080259229683,3.05927611254605
goals_from_counters,1114,0.604129263913824,0.608617594254937,0.742942050520053,0.528396219045387,0.581054865505299,9.96575004928051,football,0.892340192011525,-0.0375796156100951,0.963838004357953,Q3,-0.0569539189653023,0.0569539189653023,-0.392352074081324,-0.0375187484603655,1.60832388308729,-0.0375187484603655,0.997675095590271,-0.0568924173586541,0.963838004357953,1.11022302462516e-16,-0.00834552257657436,1.57749430817749
xg_from_counters,1114,0.587971274685817,0.616696588868941,4.8854961832061,0.581617972554228,0.643722495638362,10.6778892700644,football,0.82408055792228,-0.0245217472442266,0.976174089661428,Q3,-0.0967434946912564,0.0967434946912564,-0.315037597940795,-0.024407439811106,1.5952061906019,-0.0244074398111059,0.995039226670478,-0.0964428030953308,0.976174089661427,1.11022302462516e-16,-0.00552474003291785,5.43797018649789
passes,1114,0.542190305206463,0.53770197486535,-0.827814569536417,0.468527849386767,0.507639377131995,8.34774876166262,football,0.842536695061463,-0.14289920552267,0.875368206324748,Q3,-0.0856690313675075,0.0856690313675075,-0.793880783275955,-0.142376422601091,1.71365821075889,-0.142376422601091,0.986116388490958,-0.085460064573251,0.875368206324748,1.11022302462516e-16,-0.0277813952444796,1.95032495491155
successful_passes,1114,0.544883303411131,0.535008976660682,-1.81219110378913,0.42686443767414,0.473895268598807,11.0177439893856,football,0.818623943492114,-0.526309957953207,0.65630323491256,Q3,-0.10006523301655,0.10006523301655,-1.83057939515075,-0.5236859226105,2.1219682025403,-0.523685922610499,0.846053465865234,-0.0997325792156948,0.65630323491256,1.11022302462516e-16,-0.0699116985269511,5.17897874890598
op_passes,1114,0.545780969479354,0.536804308797127,-1.64473684210527,0.450859958857381,0.480997578314194,6.68447460563838,football,0.821726846811142,-0.602315856563399,0.625224733416656,Q3,-0.0981736211501729,0.0981736211501729,-2.06158179544215,-0.599424889247926,2.21357874078204,-0.599424889247926,0.794426418152325,-0.0978594312868134,0.625224733416656,0,-0.0751967838411096,5.87494154200569
successful_op_passes,1114,0.543985637342908,0.545780969479354,0.330033003300348,0.413454027029138,0.453900085930787,9.78248033820645,football,0.801190581333179,-0.499702816104937,0.668159090833742,Q3,-0.110828215479774,0.110828215479774,-1.75328641087008,-0.4966495460717,2.0905306329246,-0.496649546071699,0.86090430308725,-0.110376670146514,0.668159090833742,0,-0.0678502361242346,7.11505661572381
passes_inside_box,1114,0.549371633752244,0.552064631956912,0.490196078431368,0.45082740931698,0.522849777361144,15.9755965488611,football,0.738941726032663,-0.205409750485365,0.831198639952848,Q3,-0.151268108154355,0.151268108154355,-0.971021310468097,-0.203081853041444,1.77530066627451,-0.203081853041444,0.967584779866969,-0.150124797202338,0.831198639952848,0,-0.0369635612263482,4.18655220106619
successful_passes_inside_box,1114,0.548473967684022,0.568222621184919,3.60065466448444,0.558029320625993,0.591695310262219,6.03301446570229,football,0.753750592181336,-0.106225415721332,0.904835678713602,Q3,-0.141346872647085,0.141346872647085,-0.672898902173314,-0.105173042492856,1.6761642337849,-0.105173042492856,0.984491145929441,-0.140413014779015,0.904835678713602,0,-0.0214624451049319,5.74689917497763
passes_into_box,1114,0.58886894075404,0.572710951526032,-2.74390243902439,0.614753404681926,0.590217561128037,-3.99116838833675,football,0.765788105543616,-0.486737225712749,0.674565088756621,Q3,-0.133424886062941,0.133424886062941,-1.71348913251846,-0.482436634607389,2.07423068091428,-0.482436634607389,0.865830156837278,-0.132638731522251,0.674565088756621,0,-0.0667259677813679,3.9286943391124
successful_passes_into_box,1114,0.549371633752244,0.549371633752244,0,0.473328906595839,0.442410098169414,-6.5322037161837,football,0.755151442552558,-0.353083507048956,0.740943297156783,Q3,-0.140418481842749,0.140418481842749,-1.35931283369744,-0.349630941851142,1.92797348208972,-0.349630941851142,0.926443290560122,-0.1395028095646,0.740943297156783,1.11022302462516e-16,-0.0546464450646808,5.46464450646808
op_passes_into_box,1114,0.5754039497307,0.557450628366248,-3.12012480499221,0.593140509856001,0.573262505533422,-3.35131456919115,football,0.698761842107474,-0.47438395283786,0.681725613357175,Q3,-0.179222653548273,0.179222653548273,-1.67046569084744,-0.466865818749973,2.0565396372673,-0.466865818749973,0.866366587001718,-0.177328069436038,0.681725613357175,0,-0.0654606323922559,3.42593843423338
successful_op_passes_into_box,1114,0.549371633752244,0.544883303411131,-0.81699346405228,0.454450173163555,0.480187094758222,5.66330988840981,football,0.711819837346336,-0.319704392069668,0.760374458592016,Q3,-0.169965218512228,0.169965218512228,-1.26967625171103,-0.315141492063921,1.89140206609034,-0.315141492063921,0.933994134505545,-0.168347250316015,0.760374458592016,0,-0.0509619610810071,4.27920264404843
passes_into_final_third,1114,0.553859964093357,0.561041292639138,1.29659643435981,0.544625419889071,0.541399760435383,-0.592271189682161,football,0.897547683244465,-0.239875211790144,0.806760444248755,Q3,-0.0540445155339024,0.0540445155339024,-1.07057695716484,-0.239525322701198,1.81267323893141,-0.239525322701198,0.969387687226262,-0.0539919590217414,0.806760444248755,-1.11022302462516e-16,-0.0418946602400738,5.48606245836719
successful_passes_into_final_third,1114,0.552064631956912,0.544883303411131,-1.30081300813007,0.533373043772622,0.525339817201781,-1.5061178409056,football,0.729286641410165,-0.532713372601124,0.655245582877065,Q3,-0.157844213081044,0.157844213081044,-1.8377246792316,-0.526145350891465,2.12485772589516,-0.526145350891465,0.835861434556669,-0.156546261393125,0.655245582877065,0,-0.0700943844835729,5.70862544022722
op_passes_into_final_third,1114,0.561041292639138,0.579892280071813,3.35999999999999,0.569909902872171,0.57579811473062,1.03318293449082,football,0.867338602612142,-0.460026019681861,0.685465019467908,Q3,-0.0711629166662216,0.0711629166662216,-1.6485676914218,-0.458863649637803,2.04751215825313,-0.458863649637803,0.885661921134326,-0.0710430326895633,0.685465019467908,1.11022302462516e-16,-0.0647962148404388,9.83962148404387
successful_op_passes_into_final_third,1114,0.53770197486535,0.550269299820467,2.33722871452421,0.537129260734838,0.534948441528006,-0.406013852950241,football,0.703492319580254,-0.531689882722062,0.656351540546359,Q3,-0.175849159964146,0.175849159964146,-1.83025408321645,-0.523573783597097,2.12183657561817,-0.523573783597097,0.834010825844847,-0.174058712805237,0.656351540546359,1.11022302462516e-16,-0.0699033500441993,9.32756371894414
passes_in_final_third,1114,0.546678635547576,0.540394973070018,-1.14942528735633,0.521339478686561,0.500901622269094,-3.92025872833523,football,0.650260200287995,-0.599436374892341,0.630588561737577,Q3,-0.215191344029501,0.215191344029501,-2.01819673988201,-0.585820074573689,2.19668790159055,-0.585820074573689,0.782240676132461,-0.211930094206338,0.630588561737577,0,-0.074296908399406,6.28026555258427
successful_passes_in_final_third,1114,0.549371633752244,0.549371633752244,0,0.453183996041976,0.441882795614926,-2.49373334578285,football,0.597936872253077,-0.524462862922913,0.663310455816057,Q3,-0.257135047699023,0.257135047699023,-1.78429695685987,-0.507589683279937,2.10318131165536,-0.507589683279937,0.824040750785042,-0.251613899602941,0.663310455816057,1.11022302462516e-16,-0.0686963267635542,6.86963267635542
passes_in_middle_third,1114,0.548473967684022,0.535008976660682,-2.45499181669394,0.47009673723407,0.512333020857745,8.9845940799723,football,0.845361714020616,-0.579067020332891,0.634103231036991,Q3,-0.0839953396442335,0.0839953396442335,-1.99065624670246,-0.577030286322046,2.1858841923642,-0.577030286322046,0.812412385098487,-0.0837983603997416,0.634103231036991,0,-0.0737044842845004,4.9154566117561
successful_passes_in_middle_third,1114,0.551166965888689,0.535906642728905,-2.76872964169381,0.444473739030805,0.479347316615889,7.84603780217204,football,0.807707367839666,-0.516303154695064,0.660775298998869,Q3,-0.106777727287581,0.106777727287581,-1.80083482586875,-0.513373761875005,2.1099078818225,-0.513373761875005,0.851546829899471,-0.10637376136279,0.660775298998869,0,-0.0691370476327963,4.14497512158582
passes_in_own_third,1114,0.535906642728905,0.546678635547576,2.01005025125628,0.431893341666016,0.487920865557378,12.9725370794646,football,0.938654238861023,-0.196356168693938,0.835940186745427,Q3,-0.0316540451548618,0.0316540451548618,-0.951939138587195,-0.196257837409765,1.76833639726319,-0.196257837409765,0.98004160708009,-0.0316434771653857,0.835940186745427,-1.11022302462516e-16,-0.0359945059146339,5.60950084271967
successful_passes_in_own_third,1114,0.541292639138241,0.552962298025135,2.1558872305141,0.435737442387313,0.512925422493034,17.7143326685043,football,0.981400839334481,-0.130583353599425,0.884503637473288,Q3,-0.00938715004235873,0.00938715004235873,-0.756887585019762,-0.130577600400428,1.70174787265102,-0.130577600400428,0.991393653834883,-0.00938687432461456,0.884503637473288,-1.11022302462516e-16,-0.0258389413628864,4.73978136680274
forward_passes,1114,0.546678635547576,0.553859964093357,1.31362889983579,0.489851053303127,0.540953831731896,10.4323095937379,football,1.05634440600485,0.225333406517784,1.2907369542934,Q1,0.0274071370806815,0.0274071370806815,1.03199207659657,0.225248803271898,1.34359793230298,0.225248803271898,0.973915910874044,0.0274002768409412,1.2907369542934,2.22044604925031e-16,0.0755554372213269,-6.24191482229691
sideways_passes,1114,0.535906642728905,0.533213644524237,-0.502512562814066,0.483484363200792,0.52596476837747,8.78630384144123,football,0.814712192258882,-0.589203603556241,0.630467604834774,Q3,-0.102460183220979,0.102460183220979,-2.01915670134201,-0.586124318412949,2.19706335777412,-0.586124318412948,0.803761925424305,-0.102103137087804,0.630467604834774,0,-0.0743172574628501,6.92921318347094
backward_passes,1114,0.546678635547576,0.547576301615799,0.164203612479473,0.424026117751217,0.44748457151785,5.53231340820291,football,0.869670519559656,-0.298167296246297,0.770747361183746,Q3,-0.0698204261066322,0.0698204261066322,-1.223570146836,-0.297442002868693,1.87280859769805,-0.297442002868693,0.952191767671072,-0.0697071912280243,0.770747361183746,1.11022302462516e-16,-0.0489675647390282,5.06096008638229
forward_passes_in_final_third,1114,0.549371633752244,0.536804308797127,-2.28758169934641,0.454274405645392,0.50598260552561,11.3825914992405,football,0.873691402454656,-0.0390261718566084,0.962521902542331,Q3,-0.0675140260563076,0.0675140260563076,-0.399896553939445,-0.0389373970178515,1.6097435694983,-0.0389373970178514,0.996965170316035,-0.0674116331963055,0.962521902542331,0,-0.00864486471186929,-1.42309522815948
sideways_passes_in_final_third,1114,0.552064631956912,0.551166965888689,-0.162601626016259,0.539664869932037,0.528288805562065,-2.10798682734411,football,0.618081415557145,-0.584393147766732,0.637803376371611,Q3,-0.240567544908859,0.240567544908859,-1.96237270076113,-0.567881320555065,2.17472589788583,-0.567881320555065,0.788542845912625,-0.236031747704951,0.637803376371611,-1.11022302462516e-16,-0.0730784208481085,7.14524045879459
backward_passes_in_final_third,1114,0.549371633752244,0.548473967684022,-0.163398692810456,0.433751920422884,0.45144259563055,4.07852377700567,football,0.67648295467483,-0.339537330821286,0.750100119926051,Q3,-0.195424014015221,0.195424014015221,-1.31649552450188,-0.333155366111108,1.91044447980178,-0.333155366111108,0.922913143282249,-0.192973656202737,0.750100119926051,0,-0.0529185263818775,5.12845394537729
deep_completions,1114,0.543985637342908,0.547576301615799,0.660066006600675,0.534453688513918,0.566876285706846,6.06649329768512,football,0.823409209978248,-0.173147329967635,0.852999651497099,Q3,-0.0971509922030908,0.0971509922030908,-0.883588547022221,-0.172333421525907,1.74399437032346,-0.172333421525907,0.980266263995974,-0.0968464944979949,0.852999651497099,0,-0.0324748714307412,3.90755314967479
long_balls,1114,0.556552962298025,0.587073608617594,5.48387096774195,0.565645913079707,0.602186027133297,6.45989181724017,football,0.910794567313509,0.233333587240065,1.30391556320592,Q2,-0.0467189547758837,0.0467189547758837,1.05321281420248,0.233079174589104,1.33555345536743,0.233079174589104,0.971336506942376,-0.0466849938828899,1.30391556320592,-2.22044604925031e-16,0.0793366973809167,-2.44979877034972
successful_long_balls,1114,0.561041292639138,0.581687612208258,3.67999999999999,0.564024945967763,0.585566231804807,3.81920799621428,football,0.872790398816906,-0.153598947054151,0.867119038538231,Q3,-0.0680299224813535,0.0680299224813535,-0.827056042506646,-0.153244197804464,1.72464674534576,-0.153244197804464,0.985851098028843,-0.0679251673136813,0.86711903853823,1.11022302462516e-16,-0.0295226408392627,6.63226408392625
goalkeeper_long_balls,1114,0.557450628366248,0.555655296229802,-0.322061191626406,0.530489154493139,0.547515819076635,3.20961596279276,football,1.00097391793437,-0.241160841090689,0.805697368067314,Q4,0.000486721991999811,0.000486721991999811,-1.0749684792585,-0.241160812525395,1.81435811608958,-0.241160812525395,0.970485046563743,0.000486721953565277,0.805697368067314,1.11022302462516e-16,-0.0421067532351873,3.88861413189232
goalkeeper_passes,1114,0.541292639138241,0.546678635547576,0.995024875621902,0.454889591958962,0.470858396479442,3.51047920259313,football,0.884855329999944,0.0274961972939264,1.02821931733656,Q2,-0.0611655581316627,0.0611655581316627,0.334411710313579,0.0274448426135982,1.54334803768173,0.0274448426135982,0.997754913065991,-0.0610893940597866,1.02821931733656,0,0.00667419361526966,0.327605514094936
crosses,1114,0.572710951526032,0.567324955116697,-0.940438871473365,0.587623362758118,0.579437153347395,-1.39310482352157,football,0.695934780307832,-0.381879267913184,0.72690723600403,Q3,-0.181249664746353,0.181249664746353,-1.42722347360707,-0.375691354370361,1.95593899152173,-0.375691354370361,0.909236424312085,-0.179290632648607,0.72690723600403,0,-0.0572661172355777,4.7861728520844
successful_crosses,1114,0.549371633752244,0.545780969479354,-0.653594771241824,0.445915683670547,0.457594458766242,2.61905457093638,football,0.714652525636524,-0.212774207495085,0.826578009315917,Q3,-0.167979416272255,0.167979416272255,-0.989674178619418,-0.209807167296415,1.78217406005491,-0.209807167296415,0.963476157730415,-0.166417084567934,0.826578009315917,-1.11022302462516e-16,-0.0379040541901735,3.13681064777552
dribbles,1114,0.535906642728905,0.535008976660682,-0.167504187604689,0.418554540009895,0.454739864073119,8.64530678901936,football,1.04062429041819,0.0333515883382322,1.03449522115652,Q1,0.0199104061530096,0.0199104061530096,0.369354682002061,0.0333449787404055,1.53744516564919,0.0333449787404054,0.999245611881398,0.0199077755807086,1.03449522115652,0,0.0081777846557792,-0.985282653182609
successful_dribbles,1114,0.543087971274686,0.549371633752244,1.15702479338844,0.433198578236075,0.430607634820196,-0.598096010940057,football,1.03838457919399,0.0433453409672084,1.04530088943357,Q1,0.0188331081561718,0.0188331081561718,0.42252996768667,0.0433376551110755,1.52744509441914,0.0433376551110755,0.99888299892324,0.0188308818589927,1.04530088943357,0,0.0107830513093851,0.0787196624499316
carries,1114,0.547576301615799,0.536804308797127,-1.9672131147541,0.420784183527329,0.471698174621774,12.0997872751885,football,0.828765406817146,-0.119311757271544,0.893824721307278,Q3,-0.0939090736134679,0.0939090736134679,-0.718732632884706,-0.118787583473227,1.68986505766104,-0.118787583473227,0.98849490985697,-0.0936339852801991,0.893824721307278,-1.11022302462516e-16,-0.0238417013214095,0.416957017386845
carries_into_final_third,1114,0.540394973070018,0.549371633752244,1.66112956810632,0.481703903340885,0.457350337213239,-5.05571284740287,football,0.80377724982752,-0.335289410103272,0.750018979912478,Q3,-0.109216550321313,0.109216550321313,-1.31687023468251,-0.33329959212058,1.91059744851491,-0.33329959212058,0.936524076218939,-0.108784358041573,0.750018979912477,1.11022302462516e-16,-0.0529339032745244,6.95451989555876
carries_into_box,1114,0.55475763016158,0.577199281867145,4.0453074433657,0.577194490013801,0.600822201390516,4.09354416674184,football,0.79659998592102,-0.126027167072362,0.888717549344173,Q3,-0.113701312954216,0.113701312954216,-0.739698832248653,-0.125216893419003,1.69634276899341,-0.125216893419003,0.985648696119538,-0.113213857103927,0.888717549344173,1.11022302462516e-16,-0.0249379366931304,6.53910111267874
progressive_carries,1114,0.545780969479354,0.546678635547576,0.164473684210525,0.500520792646408,0.535137228862329,6.91608355227221,football,0.858845296558229,-0.249102147005183,0.801036285750569,Q3,-0.0760832351777926,0.0760832351777926,-1.09429767357272,-0.248382898239125,1.82180680559291,-0.248382898239125,0.965680870254931,-0.0759367676821347,0.80103628575057,-1.11022302462516e-16,-0.0430343053310411,4.46790421731463
deep_progressions,1114,0.543985637342908,0.540394973070018,-0.660066006600654,0.525193344269979,0.510949665390725,-2.71208289949922,football,0.739140158184316,-0.56994134235438,0.639593288233974,Q3,-0.151133858384459,0.151133858384459,-1.94894030817823,-0.563493580054866,2.16940495685831,-0.563493580054866,0.812389631928326,-0.149993570436568,0.639593288233974,0,-0.0727746937413961,6.61740336753896
box_entries,1114,0.543985637342908,0.550269299820467,1.15511551155117,0.520382522198787,0.538027628049892,3.39079525126036,football,0.796274290370262,-0.363785455392565,0.734517379359709,Q3,-0.113905783300774,0.113905783300774,-1.39004008260967,-0.361438174372017,1.94060621002994,-0.361438174372017,0.925472487244279,-0.113415702001583,0.734517379359709,0,-0.0558501222841069,6.74012773996186
tackles,1114,0.550269299820467,0.536804308797127,-2.44698205546493,0.484125589146681,0.481710413248965,-0.49887383601708,football,1.01687421761348,-0.158395622736632,0.8632670619467,Q4,0.00836671479400925,0.00836671479400925,-0.842498915835368,-0.158390078899758,1.729856262161,-0.158390078899758,0.987341169128686,0.00836651957078567,0.8632670619467,-1.11022302462516e-16,-0.0303315727294391,0.58617521747898
successful_tackles,1114,0.557450628366248,0.543985637342908,-2.41545893719807,0.48538525636018,0.503114991016327,3.65271388527514,football,1.12794739865275,0.120353901076867,1.13653947446891,Q1,0.0601997597942498,0.0601997597942498,0.723163721191172,0.120136147961522,1.45036930432065,0.120136147961522,0.990934928521784,0.0601271435251441,1.13653947446891,0,0.033609466525578,-5.77640558975586
ball_recoveries,1114,0.549371633752244,0.547576301615799,-0.326797385620912,0.459859906778116,0.457268963362237,-0.563420158550394,football,0.927155430385563,0.18490458804013,1.2266513782459,Q2,-0.0378170285762702,0.0378170285762702,0.919429407012965,0.18477244819959,1.38495600809283,0.18477244819959,0.982054162020549,-0.0377990111570103,1.2266513782459,-2.22044604925031e-16,0.0576084279157476,-6.08764017719567
regains,1114,0.549371633752244,0.531418312387792,-3.26797385620916,0.477290185662578,0.497588079056324,4.25273638626523,football,0.958751609370636,0.38738025378103,1.63210507433306,Q2,-0.0210616238443196,0.0210616238443196,1.45759713733067,0.387294350268081,1.17310123333614,0.387294350268081,0.921715588129588,-0.0210585101408632,1.63210507433306,0,0.183473144818723,-21.6152883380814
regains_opposition_half,1114,0.548473967684022,0.550269299820467,0.327332242225856,0.48334765513111,0.486853240632242,0.72527206120029,football,0.75774486549711,-0.326056408081485,0.755889393311777,Q3,-0.13870426952626,0.13870426952626,-1.28996459058803,-0.322944876390846,1.89963577194948,-0.322944876390846,0.936328908657124,-0.137821557188493,0.755889393311777,0,-0.0518183730065497,5.50916954288082
tackle_interceptions_opposition_half,1114,0.530520646319569,0.542190305206463,2.19966159052454,0.494407988959196,0.49669947660339,0.463481111827984,football,0.741236813831283,-0.105667631893866,0.905391721684455,Q3,-0.149717558963097,0.149717558963097,-0.670557109297163,-0.104494304564138,1.67548173511734,-0.104494304564138,0.983359726884506,-0.148608841780317,0.905391721684455,0,-0.0213417224828384,4.33383383880838
blocks,1114,0.552064631956912,0.545780969479354,-1.13821138211381,0.475014972788584,0.52794378043382,11.1425556408289,football,1.1315229678936,0.0681925359388213,1.07303344117596,Q1,0.0617822422549627,0.0617822422549627,0.53412224155706,0.0680625956036552,1.50268107115275,0.0680625956036553,0.99577112323954,0.0617037535483734,1.07303344117596,-2.22044604925031e-16,0.0175645408693443,-2.89466546904824
pressures,1114,0.546678635547576,0.549371633752244,0.492610837438419,0.458893185428222,0.476525271463167,3.84230722853109,football,1.0544950907543,-0.0274755416154927,0.973268334087898,Q4,0.0265310327029925,0.0265310327029925,-0.334542223678243,-0.0274658744930336,1.59826565571886,-0.0274658744930336,0.999270764219142,0.0265248094286218,0.973268334087898,0,-0.00619161202877506,1.11177204031593
pressures_opposition_half,1114,0.545780969479354,0.549371633752244,0.6578947368421,0.439125849543004,0.441013722886233,0.429916240456609,football,1.00044914268441,-0.0552722659987057,0.947622744897748,Q4,0.0002245209250107,0.0002245209250107,-0.479163257441932,-0.0552722646055781,1.62609677316964,-0.0552722646055781,0.998471294707929,0.000224520921238027,0.947622744897747,1.11022302462516e-16,-0.0120121171540949,1.85910645225159
counterpressures,1114,0.546678635547576,0.53411131059246,-2.29885057471264,0.443806473452595,0.482579485977658,8.73646844838208,football,0.969810346624252,0.259646401208996,1.35065030004214,Q2,-0.0153273727725497,0.0153273727725497,1.12417647708007,0.259615905043073,1.30817187758653,0.259615905043073,0.965590332533358,-0.0153261726071677,1.35065030004214,0,0.0929952215397083,-11.5983727286835
counterpressures_opposition_half,1114,0.543985637342908,0.544883303411131,0.165016501650184,0.443773923912194,0.478885113142202,7.91195411404009,football,0.897265252381318,0.0613817230720364,1.06529362348831,Q2,-0.0542018750335316,0.0542018750335316,0.505648254438353,0.061291668370737,1.5094662179906,0.0612916683707369,0.996650005024554,-0.0541488584633786,1.06529362348831,0,0.0156581377931363,-1.40079727766344
yellow_cards,1114,0.553859964093357,0.543087971274686,-1.94489465153971,0.468286982787803,0.511102648230607,9.14303984875127,football,1.09767867494664,0.160917178101385,1.19152959367071,Q1,0.0465988272450609,0.0465988272450609,0.849506468784159,0.1607426241766,1.40935331164095,0.1607426241766,0.9858973058458,0.0465651274970052,1.19152959367071,0,0.0480827640063439,-6.7531710521741
second_yellow_cards,1114,0.549371633752244,0.55834829443447,1.63398692810458,0.462382496159154,0.477283675754498,3.22269543486678,football,1.42044581091468,-0.0254285391101525,0.975569816331047,Q4,0.175485386844563,0.175485386844563,-0.319175342669038,-0.0250419634351041,1.59584090827113,-0.025041963435104,0.984479124732603,0.173705938393142,0.975569816331047,0,-0.00566354476374026,2.20034140447861
red_cards,1114,0.549371633752244,0.557450628366248,1.4705882352941,0.463957893914538,0.47804208004583,3.03566041574589,football,1.05852059925094,0.0668908060595594,1.07165488666829,Q1,0.0284361360989423,0.0284361360989423,0.529172753647083,0.066863770752786,1.50388263351903,0.0668637707527859,0.997357036386194,0.028428473959518,1.07165488666829,2.22044604925031e-16,0.0172242071081069,-0.251832475516584
fouls,1114,0.544883303411131,0.533213644524237,-2.14168039538715,0.509712782855506,0.505077728302476,-0.909346343457047,football,1.15718244175162,-0.0467198173217799,0.955478862051575,Q4,0.0729940604795589,0.0729940604795589,-0.438619779701407,-0.0465956283458023,1.61740883267202,-0.0465956283458022,0.996252770921647,0.0728646954978853,0.955478862051575,0,-0.0102415365564757,-1.11752673973958
obv,1114,0.68850987432675,0.737881508078995,7.17079530638853,0.756386219826576,0.812462568028539,7.41371890868405,football,0.740344659048449,-0.108749395619474,0.902908280474391,Q3,-0.150319722871729,0.150319722871729,-0.680994029536113,-0.107532206343923,1.67853685458281,-0.107532206343923,0.982942971145738,-0.149197654385035,0.902908280474391,0,-0.0218804769909533,9.35884300548386
on_ball_obv,1114,0.591561938958707,0.614003590664273,3.79362670713202,0.616524099679713,0.632632867223915,2.61283663567585,football,0.769793487513731,-0.23749310745363,0.809405032370732,Q3,-0.130816499070024,0.130816499070024,-1.05967814678803,-0.235475392426235,1.80850401301683,-0.235475392426235,0.963136408887181,-0.130075352921358,0.809405032370732,0,-0.0413661691152301,7.93024361865503
defensive_obv,1114,0.552962298025135,0.560143626570916,1.29870129870131,0.517687420253626,0.528917011691795,2.169183758158,football,0.549729241371992,0.0304172411023008,1.02997755214752,Q2,-0.299164705191953,0.299164705191953,0.344573358220601,0.0291050538771611,1.54168716218183,0.0291050538771612,0.956417662639354,-0.290548017426179,1.02997755214752,0,0.0070947273758351,0.589228561117798
obv_from_passes,1114,0.565529622980251,0.58886894075404,4.12698412698413,0.576556519021951,0.595034893107309,3.20495449721112,football,0.782873664989696,-0.0422301762778923,0.959770417834942,Q3,-0.122391971702125,0.122391971702125,-0.415336548381367,-0.0419158388480118,1.61272444927561,-0.0419158388480119,0.99167111678547,-0.121784475969338,0.959770417834942,1.11022302462516e-16,-0.00926968291059906,5.05395241804404
obv_from_carries,1114,0.5754039497307,0.585278276481149,1.71606864274571,0.578903340884827,0.599018956852329,3.47477973382511,football,0.815740839916706,-0.170577352389732,0.854922417236723,Q3,-0.101829286302146,0.101829286302146,-0.875897425546476,-0.169696781647388,1.74131830691169,-0.169696781647388,0.980257649847026,-0.101478777164998,0.854922417236723,0,-0.0320749264197882,4.92356128472453
obv_from_dribbles,1114,0.548473967684022,0.547576301615799,-0.163666121112928,0.422916178423561,0.41823555451397,-1.10674978834757,football,0.93399413816255,-0.0409668448184608,0.960667414609194,Q3,-0.0341425584151081,0.0341425584151081,-0.410350240585699,-0.0409429785924473,1.61175075299839,-0.0409429785924473,0.998578421325701,-0.0341292977755151,0.960667414609194,1.11022302462516e-16,-0.00906613732910484,0.742947611797556
obv_from_dribble_carry,1114,0.583482944344704,0.579892280071813,-0.615384615384629,0.580791214228055,0.600314428560269,3.36148582381059,football,0.801400794896642,-0.163524512747808,0.860194555898759,Q3,-0.110697044447791,0.110697044447791,-0.854802584609089,-0.162527701602537,1.73404820513316,-0.162527701602537,0.980525534695723,-0.110247095297165,0.860194555898759,-1.11022302462516e-16,-0.0309749188838596,2.48210727300133
